fold,valid_task,train_task,exposed_il_pairs
1,experiment/density,experiment/dynamic_relative_permittivity,4
1,experiment/density,experiment/electrical_conductivity,90
1,experiment/density,experiment/equilibrium_pressure,8
1,experiment/density,experiment/glass_transition_temperature,27
1,experiment/density,experiment/heat_capacity,39
1,experiment/density,experiment/isobaric_coefficient_of_volume_expansion,5
1,experiment/density,experiment/melting_point,92
1,experiment/density,experiment/pec50,21
1,experiment/density,experiment/refractive_index,85
1,experiment/density,experiment/self_diffusion_coefficient,4
1,experiment/density,experiment/speed_of_sound,29
1,experiment/density,experiment/static_relative_permittivity,6
1,experiment/density,experiment/surface_tension,129
1,experiment/density,experiment/thermal_conductivity,7
1,experiment/density,experiment/thermal_decomposition_temperature,60
1,experiment/density,experiment/viscosity,306
1,experiment/density,experiment/x_co2,11
1,experiment/density,simulation/heat_of_vaporization,7
1,experiment/density,experiment/solvation,7
1,experiment/density,experiment/transfer,6
1,experiment/dynamic_relative_permittivity,experiment/density,9
1,experiment/dynamic_relative_permittivity,experiment/electrical_conductivity,8
1,experiment/dynamic_relative_permittivity,experiment/equilibrium_pressure,4
1,experiment/dynamic_relative_permittivity,experiment/glass_transition_temperature,2
1,experiment/dynamic_relative_permittivity,experiment/heat_capacity,4
1,experiment/dynamic_relative_permittivity,experiment/isobaric_coefficient_of_volume_expansion,1
1,experiment/dynamic_relative_permittivity,experiment/melting_point,6
1,experiment/dynamic_relative_permittivity,experiment/pec50,1
1,experiment/dynamic_relative_permittivity,experiment/refractive_index,7
1,experiment/dynamic_relative_permittivity,experiment/self_diffusion_coefficient,2
1,experiment/dynamic_relative_permittivity,experiment/speed_of_sound,5
1,experiment/dynamic_relative_permittivity,experiment/static_relative_permittivity,5
1,experiment/dynamic_relative_permittivity,experiment/surface_tension,6
1,experiment/dynamic_relative_permittivity,experiment/thermal_conductivity,5
1,experiment/dynamic_relative_permittivity,experiment/thermal_decomposition_temperature,5
1,experiment/dynamic_relative_permittivity,experiment/viscosity,7
1,experiment/dynamic_relative_permittivity,experiment/x_co2,4
1,experiment/dynamic_relative_permittivity,experiment/solvation,3
1,experiment/dynamic_relative_permittivity,experiment/transfer,2
1,experiment/electrical_conductivity,experiment/density,90
1,experiment/electrical_conductivity,experiment/dynamic_relative_permittivity,7
1,experiment/electrical_conductivity,experiment/equilibrium_pressure,9
1,experiment/electrical_conductivity,experiment/glass_transition_temperature,18
1,experiment/electrical_conductivity,experiment/heat_capacity,24
1,experiment/electrical_conductivity,experiment/isobaric_coefficient_of_volume_expansion,2
1,experiment/electrical_conductivity,experiment/melting_point,31
1,experiment/electrical_conductivity,experiment/pec50,14
1,experiment/electrical_conductivity,experiment/refractive_index,29
1,experiment/electrical_conductivity,experiment/self_diffusion_coefficient,2
1,experiment/electrical_conductivity,experiment/speed_of_sound,16
1,experiment/electrical_conductivity,experiment/static_relative_permittivity,4
1,experiment/electrical_conductivity,experiment/surface_tension,35
1,experiment/electrical_conductivity,experiment/thermal_conductivity,13
1,experiment/electrical_conductivity,experiment/thermal_decomposition_temperature,20
1,experiment/electrical_conductivity,experiment/viscosity,84
1,experiment/electrical_conductivity,experiment/x_co2,10
1,experiment/electrical_conductivity,simulation/heat_of_vaporization,1
1,experiment/electrical_conductivity,experiment/solvation,4
1,experiment/electrical_conductivity,experiment/transfer,6
1,experiment/equilibrium_pressure,experiment/density,17
1,experiment/equilibrium_pressure,experiment/dynamic_relative_permittivity,3
1,experiment/equilibrium_pressure,experiment/electrical_conductivity,9
1,experiment/equilibrium_pressure,experiment/glass_transition_temperature,10
1,experiment/equilibrium_pressure,experiment/heat_capacity,8
1,experiment/equilibrium_pressure,experiment/isobaric_coefficient_of_volume_expansion,4
1,experiment/equilibrium_pressure,experiment/melting_point,9
1,experiment/equilibrium_pressure,experiment/pec50,6
1,experiment/equilibrium_pressure,experiment/refractive_index,9
1,experiment/equilibrium_pressure,experiment/self_diffusion_coefficient,4
1,experiment/equilibrium_pressure,experiment/speed_of_sound,8
1,experiment/equilibrium_pressure,experiment/static_relative_permittivity,3
1,experiment/equilibrium_pressure,experiment/surface_tension,10
1,experiment/equilibrium_pressure,experiment/thermal_conductivity,9
1,experiment/equilibrium_pressure,experiment/thermal_decomposition_temperature,7
1,experiment/equilibrium_pressure,experiment/viscosity,12
1,experiment/equilibrium_pressure,experiment/x_co2,7
1,experiment/equilibrium_pressure,experiment/solvation,7
1,experiment/equilibrium_pressure,experiment/transfer,3
1,experiment/glass_transition_temperature,experiment/density,40
1,experiment/glass_transition_temperature,experiment/dynamic_relative_permittivity,2
1,experiment/glass_transition_temperature,experiment/electrical_conductivity,16
1,experiment/glass_transition_temperature,experiment/equilibrium_pressure,4
1,experiment/glass_transition_temperature,experiment/heat_capacity,14
1,experiment/glass_transition_temperature,experiment/isobaric_coefficient_of_volume_expansion,2
1,experiment/glass_transition_temperature,experiment/melting_point,24
1,experiment/glass_transition_temperature,experiment/pec50,12
1,experiment/glass_transition_temperature,experiment/refractive_index,15
1,experiment/glass_transition_temperature,experiment/self_diffusion_coefficient,1
1,experiment/glass_transition_temperature,experiment/speed_of_sound,6
1,experiment/glass_transition_temperature,experiment/static_relative_permittivity,5
1,experiment/glass_transition_temperature,experiment/surface_tension,13
1,experiment/glass_transition_temperature,experiment/thermal_conductivity,3
1,experiment/glass_transition_temperature,experiment/thermal_decomposition_temperature,56
1,experiment/glass_transition_temperature,experiment/viscosity,35
1,experiment/glass_transition_temperature,experiment/x_co2,5
1,experiment/glass_transition_temperature,experiment/solvation,3
1,experiment/glass_transition_temperature,experiment/transfer,2
1,experiment/heat_capacity,experiment/density,52
1,experiment/heat_capacity,experiment/dynamic_relative_permittivity,4
1,experiment/heat_capacity,experiment/electrical_conductivity,19
1,experiment/heat_capacity,experiment/equilibrium_pressure,8
1,experiment/heat_capacity,experiment/glass_transition_temperature,10
1,experiment/heat_capacity,experiment/isobaric_coefficient_of_volume_expansion,3
1,experiment/heat_capacity,experiment/melting_point,29
1,experiment/heat_capacity,experiment/pec50,7
1,experiment/heat_capacity,experiment/refractive_index,25
1,experiment/heat_capacity,experiment/self_diffusion_coefficient,6
1,experiment/heat_capacity,experiment/speed_of_sound,15
1,experiment/heat_capacity,experiment/static_relative_permittivity,8
1,experiment/heat_capacity,experiment/surface_tension,34
1,experiment/heat_capacity,experiment/thermal_conductivity,15
1,experiment/heat_capacity,experiment/thermal_decomposition_temperature,17
1,experiment/heat_capacity,experiment/viscosity,41
1,experiment/heat_capacity,experiment/x_co2,11
1,experiment/heat_capacity,simulation/heat_of_vaporization,1
1,experiment/heat_capacity,experiment/solvation,5
1,experiment/heat_capacity,experiment/transfer,5
1,experiment/isobaric_coefficient_of_volume_expansion,experiment/density,4
1,experiment/isobaric_coefficient_of_volume_expansion,experiment/dynamic_relative_permittivity,1
1,experiment/isobaric_coefficient_of_volume_expansion,experiment/electrical_conductivity,3
1,experiment/isobaric_coefficient_of_volume_expansion,experiment/equilibrium_pressure,1
1,experiment/isobaric_coefficient_of_volume_expansion,experiment/glass_transition_temperature,2
1,experiment/isobaric_coefficient_of_volume_expansion,experiment/heat_capacity,2
1,experiment/isobaric_coefficient_of_volume_expansion,experiment/melting_point,1
1,experiment/isobaric_coefficient_of_volume_expansion,experiment/pec50,2
1,experiment/isobaric_coefficient_of_volume_expansion,experiment/refractive_index,3
1,experiment/isobaric_coefficient_of_volume_expansion,experiment/self_diffusion_coefficient,1
1,experiment/isobaric_coefficient_of_volume_expansion,experiment/speed_of_sound,2
1,experiment/isobaric_coefficient_of_volume_expansion,experiment/static_relative_permittivity,1
1,experiment/isobaric_coefficient_of_volume_expansion,experiment/surface_tension,3
1,experiment/isobaric_coefficient_of_volume_expansion,experiment/thermal_conductivity,4
1,experiment/isobaric_coefficient_of_volume_expansion,experiment/thermal_decomposition_temperature,2
1,experiment/isobaric_coefficient_of_volume_expansion,experiment/viscosity,3
1,experiment/isobaric_coefficient_of_volume_expansion,experiment/x_co2,3
1,experiment/isobaric_coefficient_of_volume_expansion,experiment/solvation,1
1,experiment/melting_point,experiment/density,102
1,experiment/melting_point,experiment/dynamic_relative_permittivity,4
1,experiment/melting_point,experiment/electrical_conductivity,31
1,experiment/melting_point,experiment/equilibrium_pressure,6
1,experiment/melting_point,experiment/glass_transition_temperature,33
1,experiment/melting_point,experiment/heat_capacity,23
1,experiment/melting_point,experiment/pec50,13
1,experiment/melting_point,experiment/refractive_index,22
1,experiment/melting_point,experiment/self_diffusion_coefficient,6
1,experiment/melting_point,experiment/speed_of_sound,8
1,experiment/melting_point,experiment/static_relative_permittivity,6
1,experiment/melting_point,experiment/surface_tension,33
1,experiment/melting_point,experiment/thermal_conductivity,6
1,experiment/melting_point,experiment/thermal_decomposition_temperature,78
1,experiment/melting_point,experiment/viscosity,86
1,experiment/melting_point,experiment/x_co2,10
1,experiment/melting_point,experiment/solvation,5
1,experiment/melting_point,experiment/transfer,6
1,experiment/pec50,experiment/density,24
1,experiment/pec50,experiment/dynamic_relative_permittivity,5
1,experiment/pec50,experiment/electrical_conductivity,11
1,experiment/pec50,experiment/equilibrium_pressure,7
1,experiment/pec50,experiment/glass_transition_temperature,9
1,experiment/pec50,experiment/heat_capacity,7
1,experiment/pec50,experiment/isobaric_coefficient_of_volume_expansion,1
1,experiment/pec50,experiment/melting_point,13
1,experiment/pec50,experiment/refractive_index,15
1,experiment/pec50,experiment/self_diffusion_coefficient,3
1,experiment/pec50,experiment/speed_of_sound,8
1,experiment/pec50,experiment/static_relative_permittivity,4
1,experiment/pec50,experiment/surface_tension,16
1,experiment/pec50,experiment/thermal_conductivity,6
1,experiment/pec50,experiment/thermal_decomposition_temperature,10
1,experiment/pec50,experiment/viscosity,14
1,experiment/pec50,experiment/x_co2,7
1,experiment/pec50,experiment/solvation,3
1,experiment/pec50,experiment/transfer,5
1,experiment/refractive_index,experiment/density,90
1,experiment/refractive_index,experiment/dynamic_relative_permittivity,7
1,experiment/refractive_index,experiment/electrical_conductivity,36
1,experiment/refractive_index,experiment/equilibrium_pressure,11
1,experiment/refractive_index,experiment/glass_transition_temperature,16
1,experiment/refractive_index,experiment/heat_capacity,30
1,experiment/refractive_index,experiment/isobaric_coefficient_of_volume_expansion,5
1,experiment/refractive_index,experiment/melting_point,37
1,experiment/refractive_index,experiment/pec50,15
1,experiment/refractive_index,experiment/self_diffusion_coefficient,2
1,experiment/refractive_index,experiment/speed_of_sound,37
1,experiment/refractive_index,experiment/static_relative_permittivity,7
1,experiment/refractive_index,experiment/surface_tension,42
1,experiment/refractive_index,experiment/thermal_conductivity,17
1,experiment/refractive_index,experiment/thermal_decomposition_temperature,21
1,experiment/refractive_index,experiment/viscosity,76
1,experiment/refractive_index,experiment/x_co2,11
1,experiment/refractive_index,simulation/heat_of_vaporization,2
1,experiment/refractive_index,experiment/solvation,4
1,experiment/refractive_index,experiment/transfer,4
1,experiment/self_diffusion_coefficient,experiment/density,7
1,experiment/self_diffusion_coefficient,experiment/dynamic_relative_permittivity,2
1,experiment/self_diffusion_coefficient,experiment/electrical_conductivity,4
1,experiment/self_diffusion_coefficient,experiment/equilibrium_pressure,3
1,experiment/self_diffusion_coefficient,experiment/heat_capacity,2
1,experiment/self_diffusion_coefficient,experiment/isobaric_coefficient_of_volume_expansion,1
1,experiment/self_diffusion_coefficient,experiment/melting_point,5
1,experiment/self_diffusion_coefficient,experiment/pec50,1
1,experiment/self_diffusion_coefficient,experiment/refractive_index,6
1,experiment/self_diffusion_coefficient,experiment/speed_of_sound,2
1,experiment/self_diffusion_coefficient,experiment/static_relative_permittivity,1
1,experiment/self_diffusion_coefficient,experiment/surface_tension,4
1,experiment/self_diffusion_coefficient,experiment/thermal_conductivity,4
1,experiment/self_diffusion_coefficient,experiment/thermal_decomposition_temperature,2
1,experiment/self_diffusion_coefficient,experiment/viscosity,7
1,experiment/self_diffusion_coefficient,experiment/x_co2,2
1,experiment/self_diffusion_coefficient,experiment/transfer,1
1,experiment/speed_of_sound,experiment/density,31
1,experiment/speed_of_sound,experiment/dynamic_relative_permittivity,4
1,experiment/speed_of_sound,experiment/electrical_conductivity,12
1,experiment/speed_of_sound,experiment/equilibrium_pressure,3
1,experiment/speed_of_sound,experiment/glass_transition_temperature,9
1,experiment/speed_of_sound,experiment/heat_capacity,16
1,experiment/speed_of_sound,experiment/melting_point,12
1,experiment/speed_of_sound,experiment/pec50,5
1,experiment/speed_of_sound,experiment/refractive_index,31
1,experiment/speed_of_sound,experiment/self_diffusion_coefficient,4
1,experiment/speed_of_sound,experiment/static_relative_permittivity,5
1,experiment/speed_of_sound,experiment/surface_tension,19
1,experiment/speed_of_sound,experiment/thermal_conductivity,6
1,experiment/speed_of_sound,experiment/thermal_decomposition_temperature,12
1,experiment/speed_of_sound,experiment/viscosity,24
1,experiment/speed_of_sound,experiment/x_co2,6
1,experiment/speed_of_sound,experiment/solvation,4
1,experiment/speed_of_sound,experiment/transfer,4
1,experiment/static_relative_permittivity,experiment/density,8
1,experiment/static_relative_permittivity,experiment/dynamic_relative_permittivity,4
1,experiment/static_relative_permittivity,experiment/electrical_conductivity,4
1,experiment/static_relative_permittivity,experiment/equilibrium_pressure,3
1,experiment/static_relative_permittivity,experiment/glass_transition_temperature,7
1,experiment/static_relative_permittivity,experiment/heat_capacity,7
1,experiment/static_relative_permittivity,experiment/melting_point,6
1,experiment/static_relative_permittivity,experiment/pec50,4
1,experiment/static_relative_permittivity,experiment/refractive_index,6
1,experiment/static_relative_permittivity,experiment/self_diffusion_coefficient,1
1,experiment/static_relative_permittivity,experiment/speed_of_sound,5
1,experiment/static_relative_permittivity,experiment/surface_tension,7
1,experiment/static_relative_permittivity,experiment/thermal_conductivity,5
1,experiment/static_relative_permittivity,experiment/thermal_decomposition_temperature,2
1,experiment/static_relative_permittivity,experiment/viscosity,6
1,experiment/static_relative_permittivity,experiment/x_co2,5
1,experiment/static_relative_permittivity,experiment/solvation,1
1,experiment/static_relative_permittivity,experiment/transfer,1
1,experiment/surface_tension,experiment/density,162
1,experiment/surface_tension,experiment/dynamic_relative_permittivity,8
1,experiment/surface_tension,experiment/electrical_conductivity,37
1,experiment/surface_tension,experiment/equilibrium_pressure,18
1,experiment/surface_tension,experiment/glass_transition_temperature,19
1,experiment/surface_tension,experiment/heat_capacity,29
1,experiment/surface_tension,experiment/isobaric_coefficient_of_volume_expansion,5
1,experiment/surface_tension,experiment/melting_point,35
1,experiment/surface_tension,experiment/pec50,22
1,experiment/surface_tension,experiment/refractive_index,49
1,experiment/surface_tension,experiment/self_diffusion_coefficient,6
1,experiment/surface_tension,experiment/speed_of_sound,19
1,experiment/surface_tension,experiment/static_relative_permittivity,8
1,experiment/surface_tension,experiment/thermal_conductivity,14
1,experiment/surface_tension,experiment/thermal_decomposition_temperature,29
1,experiment/surface_tension,experiment/viscosity,86
1,experiment/surface_tension,experiment/x_co2,18
1,experiment/surface_tension,experiment/solvation,12
1,experiment/surface_tension,experiment/transfer,9
1,experiment/thermal_conductivity,experiment/density,16
1,experiment/thermal_conductivity,experiment/dynamic_relative_permittivity,5
1,experiment/thermal_conductivity,experiment/electrical_conductivity,9
1,experiment/thermal_conductivity,experiment/equilibrium_pressure,3
1,experiment/thermal_conductivity,experiment/glass_transition_temperature,8
1,experiment/thermal_conductivity,experiment/heat_capacity,12
1,experiment/thermal_conductivity,experiment/isobaric_coefficient_of_volume_expansion,2
1,experiment/thermal_conductivity,experiment/melting_point,7
1,experiment/thermal_conductivity,experiment/pec50,3
1,experiment/thermal_conductivity,experiment/refractive_index,11
1,experiment/thermal_conductivity,experiment/speed_of_sound,7
1,experiment/thermal_conductivity,experiment/static_relative_permittivity,2
1,experiment/thermal_conductivity,experiment/surface_tension,10
1,experiment/thermal_conductivity,experiment/thermal_decomposition_temperature,5
1,experiment/thermal_conductivity,experiment/viscosity,14
1,experiment/thermal_conductivity,experiment/x_co2,5
1,experiment/thermal_conductivity,experiment/solvation,1
1,experiment/thermal_conductivity,experiment/transfer,1
1,experiment/thermal_decomposition_temperature,experiment/density,56
1,experiment/thermal_decomposition_temperature,experiment/dynamic_relative_permittivity,3
1,experiment/thermal_decomposition_temperature,experiment/electrical_conductivity,14
1,experiment/thermal_decomposition_temperature,experiment/equilibrium_pressure,4
1,experiment/thermal_decomposition_temperature,experiment/glass_transition_temperature,53
1,experiment/thermal_decomposition_temperature,experiment/heat_capacity,13
1,experiment/thermal_decomposition_temperature,experiment/isobaric_coefficient_of_volume_expansion,1
1,experiment/thermal_decomposition_temperature,experiment/melting_point,97
1,experiment/thermal_decomposition_temperature,experiment/pec50,11
1,experiment/thermal_decomposition_temperature,experiment/refractive_index,14
1,experiment/thermal_decomposition_temperature,experiment/self_diffusion_coefficient,3
1,experiment/thermal_decomposition_temperature,experiment/speed_of_sound,8
1,experiment/thermal_decomposition_temperature,experiment/static_relative_permittivity,4
1,experiment/thermal_decomposition_temperature,experiment/surface_tension,22
1,experiment/thermal_decomposition_temperature,experiment/thermal_conductivity,9
1,experiment/thermal_decomposition_temperature,experiment/viscosity,47
1,experiment/thermal_decomposition_temperature,experiment/x_co2,9
1,experiment/thermal_decomposition_temperature,experiment/solvation,4
1,experiment/thermal_decomposition_temperature,experiment/transfer,3
1,experiment/viscosity,experiment/density,325
1,experiment/viscosity,experiment/dynamic_relative_permittivity,5
1,experiment/viscosity,experiment/electrical_conductivity,87
1,experiment/viscosity,experiment/equilibrium_pressure,16
1,experiment/viscosity,experiment/glass_transition_temperature,28
1,experiment/viscosity,experiment/heat_capacity,55
1,experiment/viscosity,experiment/isobaric_coefficient_of_volume_expansion,6
1,experiment/viscosity,experiment/melting_point,88
1,experiment/viscosity,experiment/pec50,23
1,experiment/viscosity,experiment/refractive_index,78
1,experiment/viscosity,experiment/self_diffusion_coefficient,8
1,experiment/viscosity,experiment/speed_of_sound,36
1,experiment/viscosity,experiment/static_relative_permittivity,9
1,experiment/viscosity,experiment/surface_tension,86
1,experiment/viscosity,experiment/thermal_conductivity,15
1,experiment/viscosity,experiment/thermal_decomposition_temperature,61
1,experiment/viscosity,experiment/x_co2,18
1,experiment/viscosity,simulation/heat_of_vaporization,1
1,experiment/viscosity,experiment/solvation,12
1,experiment/viscosity,experiment/transfer,10
1,experiment/x_co2,experiment/density,19
1,experiment/x_co2,experiment/dynamic_relative_permittivity,2
1,experiment/x_co2,experiment/electrical_conductivity,13
1,experiment/x_co2,experiment/equilibrium_pressure,3
1,experiment/x_co2,experiment/glass_transition_temperature,8
1,experiment/x_co2,experiment/heat_capacity,10
1,experiment/x_co2,experiment/isobaric_coefficient_of_volume_expansion,2
1,experiment/x_co2,experiment/melting_point,13
1,experiment/x_co2,experiment/pec50,8
1,experiment/x_co2,experiment/refractive_index,10
1,experiment/x_co2,experiment/self_diffusion_coefficient,3
1,experiment/x_co2,experiment/speed_of_sound,8
1,experiment/x_co2,experiment/static_relative_permittivity,2
1,experiment/x_co2,experiment/surface_tension,15
1,experiment/x_co2,experiment/thermal_conductivity,5
1,experiment/x_co2,experiment/thermal_decomposition_temperature,12
1,experiment/x_co2,experiment/viscosity,21
1,experiment/x_co2,simulation/heat_of_vaporization,1
1,experiment/x_co2,experiment/solvation,5
1,experiment/x_co2,experiment/transfer,5
1,simulation/heat_of_vaporization,experiment/density,6
1,simulation/heat_of_vaporization,experiment/heat_capacity,1
1,simulation/heat_of_vaporization,experiment/melting_point,2
1,simulation/heat_of_vaporization,experiment/surface_tension,5
1,simulation/heat_of_vaporization,experiment/thermal_decomposition_temperature,1
1,simulation/heat_of_vaporization,experiment/viscosity,6
1,experiment/solvation,experiment/density,9
1,experiment/solvation,experiment/dynamic_relative_permittivity,4
1,experiment/solvation,experiment/electrical_conductivity,5
1,experiment/solvation,experiment/equilibrium_pressure,3
1,experiment/solvation,experiment/glass_transition_temperature,3
1,experiment/solvation,experiment/heat_capacity,5
1,experiment/solvation,experiment/isobaric_coefficient_of_volume_expansion,1
1,experiment/solvation,experiment/melting_point,6
1,experiment/solvation,experiment/pec50,4
1,experiment/solvation,experiment/refractive_index,5
1,experiment/solvation,experiment/self_diffusion_coefficient,1
1,experiment/solvation,experiment/speed_of_sound,5
1,experiment/solvation,experiment/static_relative_permittivity,2
1,experiment/solvation,experiment/surface_tension,7
1,experiment/solvation,experiment/thermal_conductivity,4
1,experiment/solvation,experiment/thermal_decomposition_temperature,5
1,experiment/solvation,experiment/viscosity,9
1,experiment/solvation,experiment/x_co2,3
1,experiment/solvation,experiment/transfer,13
1,experiment/transfer,experiment/density,7
1,experiment/transfer,experiment/dynamic_relative_permittivity,1
1,experiment/transfer,experiment/electrical_conductivity,7
1,experiment/transfer,experiment/equilibrium_pressure,3
1,experiment/transfer,experiment/glass_transition_temperature,3
1,experiment/transfer,experiment/heat_capacity,5
1,experiment/transfer,experiment/isobaric_coefficient_of_volume_expansion,2
1,experiment/transfer,experiment/melting_point,6
1,experiment/transfer,experiment/pec50,5
1,experiment/transfer,experiment/refractive_index,6
1,experiment/transfer,experiment/self_diffusion_coefficient,4
1,experiment/transfer,experiment/speed_of_sound,5
1,experiment/transfer,experiment/static_relative_permittivity,4
1,experiment/transfer,experiment/surface_tension,5
1,experiment/transfer,experiment/thermal_conductivity,4
1,experiment/transfer,experiment/thermal_decomposition_temperature,4
1,experiment/transfer,experiment/viscosity,7
1,experiment/transfer,experiment/x_co2,6
1,experiment/transfer,experiment/solvation,12
2,experiment/density,experiment/dynamic_relative_permittivity,7
2,experiment/density,experiment/electrical_conductivity,93
2,experiment/density,experiment/equilibrium_pressure,22
2,experiment/density,experiment/glass_transition_temperature,35
2,experiment/density,experiment/heat_capacity,47
2,experiment/density,experiment/isobaric_coefficient_of_volume_expansion,2
2,experiment/density,experiment/melting_point,99
2,experiment/density,experiment/pec50,30
2,experiment/density,experiment/refractive_index,95
2,experiment/density,experiment/self_diffusion_coefficient,7
2,experiment/density,experiment/speed_of_sound,28
2,experiment/density,experiment/static_relative_permittivity,7
2,experiment/density,experiment/surface_tension,163
2,experiment/density,experiment/thermal_conductivity,11
2,experiment/density,experiment/thermal_decomposition_temperature,58
2,experiment/density,experiment/viscosity,336
2,experiment/density,experiment/x_co2,24
2,experiment/density,simulation/heat_of_vaporization,3
2,experiment/density,experiment/solvation,11
2,experiment/density,experiment/transfer,10
2,experiment/dynamic_relative_permittivity,experiment/density,8
2,experiment/dynamic_relative_permittivity,experiment/electrical_conductivity,7
2,experiment/dynamic_relative_permittivity,experiment/equilibrium_pressure,3
2,experiment/dynamic_relative_permittivity,experiment/glass_transition_temperature,6
2,experiment/dynamic_relative_permittivity,experiment/heat_capacity,4
2,experiment/dynamic_relative_permittivity,experiment/isobaric_coefficient_of_volume_expansion,3
2,experiment/dynamic_relative_permittivity,experiment/melting_point,4
2,experiment/dynamic_relative_permittivity,experiment/pec50,3
2,experiment/dynamic_relative_permittivity,experiment/refractive_index,5
2,experiment/dynamic_relative_permittivity,experiment/self_diffusion_coefficient,2
2,experiment/dynamic_relative_permittivity,experiment/speed_of_sound,4
2,experiment/dynamic_relative_permittivity,experiment/static_relative_permittivity,4
2,experiment/dynamic_relative_permittivity,experiment/surface_tension,7
2,experiment/dynamic_relative_permittivity,experiment/thermal_conductivity,6
2,experiment/dynamic_relative_permittivity,experiment/thermal_decomposition_temperature,5
2,experiment/dynamic_relative_permittivity,experiment/viscosity,8
2,experiment/dynamic_relative_permittivity,experiment/x_co2,4
2,experiment/dynamic_relative_permittivity,experiment/solvation,2
2,experiment/dynamic_relative_permittivity,experiment/transfer,2
2,experiment/electrical_conductivity,experiment/density,98
2,experiment/electrical_conductivity,experiment/dynamic_relative_permittivity,6
2,experiment/electrical_conductivity,experiment/equilibrium_pressure,6
2,experiment/electrical_conductivity,experiment/glass_transition_temperature,11
2,experiment/electrical_conductivity,experiment/heat_capacity,16
2,experiment/electrical_conductivity,experiment/melting_point,34
2,experiment/electrical_conductivity,experiment/pec50,8
2,experiment/electrical_conductivity,experiment/refractive_index,30
2,experiment/electrical_conductivity,experiment/self_diffusion_coefficient,3
2,experiment/electrical_conductivity,experiment/speed_of_sound,13
2,experiment/electrical_conductivity,experiment/static_relative_permittivity,2
2,experiment/electrical_conductivity,experiment/surface_tension,36
2,experiment/electrical_conductivity,experiment/thermal_conductivity,9
2,experiment/electrical_conductivity,experiment/thermal_decomposition_temperature,23
2,experiment/electrical_conductivity,experiment/viscosity,90
2,experiment/electrical_conductivity,experiment/x_co2,6
2,experiment/electrical_conductivity,experiment/solvation,5
2,experiment/electrical_conductivity,experiment/transfer,7
2,experiment/equilibrium_pressure,experiment/density,11
2,experiment/equilibrium_pressure,experiment/dynamic_relative_permittivity,1
2,experiment/equilibrium_pressure,experiment/electrical_conductivity,5
2,experiment/equilibrium_pressure,experiment/glass_transition_temperature,4
2,experiment/equilibrium_pressure,experiment/heat_capacity,3
2,experiment/equilibrium_pressure,experiment/isobaric_coefficient_of_volume_expansion,1
2,experiment/equilibrium_pressure,experiment/melting_point,8
2,experiment/equilibrium_pressure,experiment/pec50,4
2,experiment/equilibrium_pressure,experiment/refractive_index,7
2,experiment/equilibrium_pressure,experiment/self_diffusion_coefficient,4
2,experiment/equilibrium_pressure,experiment/speed_of_sound,3
2,experiment/equilibrium_pressure,experiment/static_relative_permittivity,2
2,experiment/equilibrium_pressure,experiment/surface_tension,11
2,experiment/equilibrium_pressure,experiment/thermal_conductivity,1
2,experiment/equilibrium_pressure,experiment/thermal_decomposition_temperature,5
2,experiment/equilibrium_pressure,experiment/viscosity,11
2,experiment/equilibrium_pressure,experiment/x_co2,3
2,experiment/equilibrium_pressure,experiment/solvation,1
2,experiment/equilibrium_pressure,experiment/transfer,1
2,experiment/glass_transition_temperature,experiment/density,33
2,experiment/glass_transition_temperature,experiment/dynamic_relative_permittivity,5
2,experiment/glass_transition_temperature,experiment/electrical_conductivity,20
2,experiment/glass_transition_temperature,experiment/equilibrium_pressure,12
2,experiment/glass_transition_temperature,experiment/heat_capacity,15
2,experiment/glass_transition_temperature,experiment/isobaric_coefficient_of_volume_expansion,4
2,experiment/glass_transition_temperature,experiment/melting_point,33
2,experiment/glass_transition_temperature,experiment/pec50,9
2,experiment/glass_transition_temperature,experiment/refractive_index,22
2,experiment/glass_transition_temperature,experiment/self_diffusion_coefficient,4
2,experiment/glass_transition_temperature,experiment/speed_of_sound,10
2,experiment/glass_transition_temperature,experiment/static_relative_permittivity,8
2,experiment/glass_transition_temperature,experiment/surface_tension,16
2,experiment/glass_transition_temperature,experiment/thermal_conductivity,10
2,experiment/glass_transition_temperature,experiment/thermal_decomposition_temperature,61
2,experiment/glass_transition_temperature,experiment/viscosity,35
2,experiment/glass_transition_temperature,experiment/x_co2,10
2,experiment/glass_transition_temperature,experiment/solvation,3
2,experiment/glass_transition_temperature,experiment/transfer,3
2,experiment/heat_capacity,experiment/density,50
2,experiment/heat_capacity,experiment/dynamic_relative_permittivity,5
2,experiment/heat_capacity,experiment/electrical_conductivity,27
2,experiment/heat_capacity,experiment/equilibrium_pressure,8
2,experiment/heat_capacity,experiment/glass_transition_temperature,12
2,experiment/heat_capacity,experiment/isobaric_coefficient_of_volume_expansion,1
2,experiment/heat_capacity,experiment/melting_point,27
2,experiment/heat_capacity,experiment/pec50,8
2,experiment/heat_capacity,experiment/refractive_index,28
2,experiment/heat_capacity,experiment/self_diffusion_coefficient,3
2,experiment/heat_capacity,experiment/speed_of_sound,22
2,experiment/heat_capacity,experiment/static_relative_permittivity,7
2,experiment/heat_capacity,experiment/surface_tension,34
2,experiment/heat_capacity,experiment/thermal_conductivity,11
2,experiment/heat_capacity,experiment/thermal_decomposition_temperature,18
2,experiment/heat_capacity,experiment/viscosity,48
2,experiment/heat_capacity,experiment/x_co2,11
2,experiment/heat_capacity,experiment/solvation,5
2,experiment/heat_capacity,experiment/transfer,5
2,experiment/isobaric_coefficient_of_volume_expansion,experiment/density,5
2,experiment/isobaric_coefficient_of_volume_expansion,experiment/dynamic_relative_permittivity,3
2,experiment/isobaric_coefficient_of_volume_expansion,experiment/electrical_conductivity,3
2,experiment/isobaric_coefficient_of_volume_expansion,experiment/equilibrium_pressure,2
2,experiment/isobaric_coefficient_of_volume_expansion,experiment/glass_transition_temperature,1
2,experiment/isobaric_coefficient_of_volume_expansion,experiment/heat_capacity,4
2,experiment/isobaric_coefficient_of_volume_expansion,experiment/melting_point,3
2,experiment/isobaric_coefficient_of_volume_expansion,experiment/pec50,1
2,experiment/isobaric_coefficient_of_volume_expansion,experiment/refractive_index,4
2,experiment/isobaric_coefficient_of_volume_expansion,experiment/self_diffusion_coefficient,1
2,experiment/isobaric_coefficient_of_volume_expansion,experiment/speed_of_sound,2
2,experiment/isobaric_coefficient_of_volume_expansion,experiment/static_relative_permittivity,1
2,experiment/isobaric_coefficient_of_volume_expansion,experiment/surface_tension,3
2,experiment/isobaric_coefficient_of_volume_expansion,experiment/thermal_conductivity,3
2,experiment/isobaric_coefficient_of_volume_expansion,experiment/thermal_decomposition_temperature,3
2,experiment/isobaric_coefficient_of_volume_expansion,experiment/viscosity,4
2,experiment/isobaric_coefficient_of_volume_expansion,experiment/x_co2,3
2,experiment/isobaric_coefficient_of_volume_expansion,experiment/solvation,1
2,experiment/isobaric_coefficient_of_volume_expansion,experiment/transfer,2
2,experiment/melting_point,experiment/density,105
2,experiment/melting_point,experiment/dynamic_relative_permittivity,9
2,experiment/melting_point,experiment/electrical_conductivity,34
2,experiment/melting_point,experiment/equilibrium_pressure,7
2,experiment/melting_point,experiment/glass_transition_temperature,39
2,experiment/melting_point,experiment/heat_capacity,17
2,experiment/melting_point,experiment/isobaric_coefficient_of_volume_expansion,2
2,experiment/melting_point,experiment/pec50,10
2,experiment/melting_point,experiment/refractive_index,30
2,experiment/melting_point,experiment/self_diffusion_coefficient,6
2,experiment/melting_point,experiment/speed_of_sound,18
2,experiment/melting_point,experiment/static_relative_permittivity,6
2,experiment/melting_point,experiment/surface_tension,33
2,experiment/melting_point,experiment/thermal_conductivity,7
2,experiment/melting_point,experiment/thermal_decomposition_temperature,92
2,experiment/melting_point,experiment/viscosity,85
2,experiment/melting_point,experiment/x_co2,8
2,experiment/melting_point,simulation/heat_of_vaporization,2
2,experiment/melting_point,experiment/solvation,6
2,experiment/melting_point,experiment/transfer,3
2,experiment/pec50,experiment/density,27
2,experiment/pec50,experiment/dynamic_relative_permittivity,2
2,experiment/pec50,experiment/electrical_conductivity,13
2,experiment/pec50,experiment/equilibrium_pressure,4
2,experiment/pec50,experiment/glass_transition_temperature,7
2,experiment/pec50,experiment/heat_capacity,8
2,experiment/pec50,experiment/melting_point,18
2,experiment/pec50,experiment/refractive_index,15
2,experiment/pec50,experiment/self_diffusion_coefficient,2
2,experiment/pec50,experiment/speed_of_sound,7
2,experiment/pec50,experiment/static_relative_permittivity,1
2,experiment/pec50,experiment/surface_tension,17
2,experiment/pec50,experiment/thermal_conductivity,3
2,experiment/pec50,experiment/thermal_decomposition_temperature,16
2,experiment/pec50,experiment/viscosity,20
2,experiment/pec50,experiment/x_co2,4
2,experiment/pec50,experiment/solvation,3
2,experiment/pec50,experiment/transfer,2
2,experiment/refractive_index,experiment/density,91
2,experiment/refractive_index,experiment/dynamic_relative_permittivity,6
2,experiment/refractive_index,experiment/electrical_conductivity,44
2,experiment/refractive_index,experiment/equilibrium_pressure,10
2,experiment/refractive_index,experiment/glass_transition_temperature,17
2,experiment/refractive_index,experiment/heat_capacity,32
2,experiment/refractive_index,experiment/isobaric_coefficient_of_volume_expansion,2
2,experiment/refractive_index,experiment/melting_point,27
2,experiment/refractive_index,experiment/pec50,19
2,experiment/refractive_index,experiment/self_diffusion_coefficient,3
2,experiment/refractive_index,experiment/speed_of_sound,34
2,experiment/refractive_index,experiment/static_relative_permittivity,6
2,experiment/refractive_index,experiment/surface_tension,47
2,experiment/refractive_index,experiment/thermal_conductivity,10
2,experiment/refractive_index,experiment/thermal_decomposition_temperature,25
2,experiment/refractive_index,experiment/viscosity,82
2,experiment/refractive_index,experiment/x_co2,14
2,experiment/refractive_index,experiment/solvation,6
2,experiment/refractive_index,experiment/transfer,7
2,experiment/self_diffusion_coefficient,experiment/density,7
2,experiment/self_diffusion_coefficient,experiment/dynamic_relative_permittivity,1
2,experiment/self_diffusion_coefficient,experiment/electrical_conductivity,6
2,experiment/self_diffusion_coefficient,experiment/equilibrium_pressure,3
2,experiment/self_diffusion_coefficient,experiment/glass_transition_temperature,4
2,experiment/self_diffusion_coefficient,experiment/heat_capacity,6
2,experiment/self_diffusion_coefficient,experiment/isobaric_coefficient_of_volume_expansion,1
2,experiment/self_diffusion_coefficient,experiment/melting_point,4
2,experiment/self_diffusion_coefficient,experiment/pec50,3
2,experiment/self_diffusion_coefficient,experiment/refractive_index,4
2,experiment/self_diffusion_coefficient,experiment/speed_of_sound,6
2,experiment/self_diffusion_coefficient,experiment/static_relative_permittivity,4
2,experiment/self_diffusion_coefficient,experiment/surface_tension,7
2,experiment/self_diffusion_coefficient,experiment/thermal_conductivity,4
2,experiment/self_diffusion_coefficient,experiment/thermal_decomposition_temperature,2
2,experiment/self_diffusion_coefficient,experiment/viscosity,5
2,experiment/self_diffusion_coefficient,experiment/x_co2,4
2,experiment/self_diffusion_coefficient,experiment/solvation,3
2,experiment/self_diffusion_coefficient,experiment/transfer,3
2,experiment/speed_of_sound,experiment/density,30
2,experiment/speed_of_sound,experiment/dynamic_relative_permittivity,8
2,experiment/speed_of_sound,experiment/electrical_conductivity,20
2,experiment/speed_of_sound,experiment/equilibrium_pressure,9
2,experiment/speed_of_sound,experiment/glass_transition_temperature,10
2,experiment/speed_of_sound,experiment/heat_capacity,19
2,experiment/speed_of_sound,experiment/isobaric_coefficient_of_volume_expansion,5
2,experiment/speed_of_sound,experiment/melting_point,17
2,experiment/speed_of_sound,experiment/pec50,10
2,experiment/speed_of_sound,experiment/refractive_index,33
2,experiment/speed_of_sound,experiment/self_diffusion_coefficient,5
2,experiment/speed_of_sound,experiment/static_relative_permittivity,8
2,experiment/speed_of_sound,experiment/surface_tension,16
2,experiment/speed_of_sound,experiment/thermal_conductivity,8
2,experiment/speed_of_sound,experiment/thermal_decomposition_temperature,10
2,experiment/speed_of_sound,experiment/viscosity,28
2,experiment/speed_of_sound,experiment/x_co2,13
2,experiment/speed_of_sound,simulation/heat_of_vaporization,1
2,experiment/speed_of_sound,experiment/solvation,5
2,experiment/speed_of_sound,experiment/transfer,5
2,experiment/static_relative_permittivity,experiment/density,7
2,experiment/static_relative_permittivity,experiment/dynamic_relative_permittivity,2
2,experiment/static_relative_permittivity,experiment/electrical_conductivity,5
2,experiment/static_relative_permittivity,experiment/equilibrium_pressure,2
2,experiment/static_relative_permittivity,experiment/glass_transition_temperature,4
2,experiment/static_relative_permittivity,experiment/heat_capacity,4
2,experiment/static_relative_permittivity,experiment/isobaric_coefficient_of_volume_expansion,1
2,experiment/static_relative_permittivity,experiment/melting_point,5
2,experiment/static_relative_permittivity,experiment/pec50,4
2,experiment/static_relative_permittivity,experiment/refractive_index,6
2,experiment/static_relative_permittivity,experiment/self_diffusion_coefficient,1
2,experiment/static_relative_permittivity,experiment/speed_of_sound,3
2,experiment/static_relative_permittivity,experiment/surface_tension,5
2,experiment/static_relative_permittivity,experiment/thermal_conductivity,3
2,experiment/static_relative_permittivity,experiment/thermal_decomposition_temperature,4
2,experiment/static_relative_permittivity,experiment/viscosity,6
2,experiment/static_relative_permittivity,experiment/x_co2,3
2,experiment/static_relative_permittivity,experiment/solvation,1
2,experiment/static_relative_permittivity,experiment/transfer,1
2,experiment/surface_tension,experiment/density,154
2,experiment/surface_tension,experiment/dynamic_relative_permittivity,6
2,experiment/surface_tension,experiment/electrical_conductivity,39
2,experiment/surface_tension,experiment/equilibrium_pressure,12
2,experiment/surface_tension,experiment/glass_transition_temperature,17
2,experiment/surface_tension,experiment/heat_capacity,31
2,experiment/surface_tension,experiment/isobaric_coefficient_of_volume_expansion,3
2,experiment/surface_tension,experiment/melting_point,37
2,experiment/surface_tension,experiment/pec50,15
2,experiment/surface_tension,experiment/refractive_index,43
2,experiment/surface_tension,experiment/self_diffusion_coefficient,2
2,experiment/surface_tension,experiment/speed_of_sound,19
2,experiment/surface_tension,experiment/static_relative_permittivity,3
2,experiment/surface_tension,experiment/thermal_conductivity,8
2,experiment/surface_tension,experiment/thermal_decomposition_temperature,24
2,experiment/surface_tension,experiment/viscosity,83
2,experiment/surface_tension,experiment/x_co2,11
2,experiment/surface_tension,simulation/heat_of_vaporization,1
2,experiment/surface_tension,experiment/solvation,7
2,experiment/surface_tension,experiment/transfer,8
2,experiment/thermal_conductivity,experiment/density,12
2,experiment/thermal_conductivity,experiment/dynamic_relative_permittivity,5
2,experiment/thermal_conductivity,experiment/electrical_conductivity,13
2,experiment/thermal_conductivity,experiment/equilibrium_pressure,8
2,experiment/thermal_conductivity,experiment/glass_transition_temperature,4
2,experiment/thermal_conductivity,experiment/heat_capacity,10
2,experiment/thermal_conductivity,experiment/isobaric_coefficient_of_volume_expansion,2
2,experiment/thermal_conductivity,experiment/melting_point,7
2,experiment/thermal_conductivity,experiment/pec50,6
2,experiment/thermal_conductivity,experiment/refractive_index,12
2,experiment/thermal_conductivity,experiment/self_diffusion_coefficient,4
2,experiment/thermal_conductivity,experiment/speed_of_sound,7
2,experiment/thermal_conductivity,experiment/static_relative_permittivity,5
2,experiment/thermal_conductivity,experiment/surface_tension,15
2,experiment/thermal_conductivity,experiment/thermal_decomposition_temperature,7
2,experiment/thermal_conductivity,experiment/viscosity,16
2,experiment/thermal_conductivity,experiment/x_co2,6
2,experiment/thermal_conductivity,experiment/solvation,4
2,experiment/thermal_conductivity,experiment/transfer,4
2,experiment/thermal_decomposition_temperature,experiment/density,61
2,experiment/thermal_decomposition_temperature,experiment/dynamic_relative_permittivity,3
2,experiment/thermal_decomposition_temperature,experiment/electrical_conductivity,28
2,experiment/thermal_decomposition_temperature,experiment/equilibrium_pressure,7
2,experiment/thermal_decomposition_temperature,experiment/glass_transition_temperature,55
2,experiment/thermal_decomposition_temperature,experiment/heat_capacity,21
2,experiment/thermal_decomposition_temperature,experiment/isobaric_coefficient_of_volume_expansion,2
2,experiment/thermal_decomposition_temperature,experiment/melting_point,89
2,experiment/thermal_decomposition_temperature,experiment/pec50,9
2,experiment/thermal_decomposition_temperature,experiment/refractive_index,24
2,experiment/thermal_decomposition_temperature,experiment/self_diffusion_coefficient,2
2,experiment/thermal_decomposition_temperature,experiment/speed_of_sound,11
2,experiment/thermal_decomposition_temperature,experiment/static_relative_permittivity,5
2,experiment/thermal_decomposition_temperature,experiment/surface_tension,20
2,experiment/thermal_decomposition_temperature,experiment/thermal_conductivity,6
2,experiment/thermal_decomposition_temperature,experiment/viscosity,57
2,experiment/thermal_decomposition_temperature,experiment/x_co2,11
2,experiment/thermal_decomposition_temperature,simulation/heat_of_vaporization,1
2,experiment/thermal_decomposition_temperature,experiment/solvation,5
2,experiment/thermal_decomposition_temperature,experiment/transfer,6
2,experiment/viscosity,experiment/density,320
2,experiment/viscosity,experiment/dynamic_relative_permittivity,6
2,experiment/viscosity,experiment/electrical_conductivity,93
2,experiment/viscosity,experiment/equilibrium_pressure,11
2,experiment/viscosity,experiment/glass_transition_temperature,25
2,experiment/viscosity,experiment/heat_capacity,34
2,experiment/viscosity,experiment/isobaric_coefficient_of_volume_expansion,3
2,experiment/viscosity,experiment/melting_point,98
2,experiment/viscosity,experiment/pec50,15
2,experiment/viscosity,experiment/refractive_index,76
2,experiment/viscosity,experiment/self_diffusion_coefficient,2
2,experiment/viscosity,experiment/speed_of_sound,19
2,experiment/viscosity,experiment/static_relative_permittivity,5
2,experiment/viscosity,experiment/surface_tension,80
2,experiment/viscosity,experiment/thermal_conductivity,9
2,experiment/viscosity,experiment/thermal_decomposition_temperature,57
2,experiment/viscosity,experiment/x_co2,19
2,experiment/viscosity,simulation/heat_of_vaporization,4
2,experiment/viscosity,experiment/solvation,4
2,experiment/viscosity,experiment/transfer,3
2,experiment/x_co2,experiment/density,15
2,experiment/x_co2,experiment/dynamic_relative_permittivity,4
2,experiment/x_co2,experiment/electrical_conductivity,11
2,experiment/x_co2,experiment/equilibrium_pressure,7
2,experiment/x_co2,experiment/glass_transition_temperature,2
2,experiment/x_co2,experiment/heat_capacity,12
2,experiment/x_co2,experiment/isobaric_coefficient_of_volume_expansion,1
2,experiment/x_co2,experiment/melting_point,5
2,experiment/x_co2,experiment/pec50,7
2,experiment/x_co2,experiment/refractive_index,14
2,experiment/x_co2,experiment/self_diffusion_coefficient,2
2,experiment/x_co2,experiment/speed_of_sound,6
2,experiment/x_co2,experiment/static_relative_permittivity,4
2,experiment/x_co2,experiment/surface_tension,12
2,experiment/x_co2,experiment/thermal_conductivity,4
2,experiment/x_co2,experiment/thermal_decomposition_temperature,5
2,experiment/x_co2,experiment/viscosity,14
2,experiment/x_co2,experiment/solvation,4
2,experiment/x_co2,experiment/transfer,3
2,simulation/heat_of_vaporization,experiment/density,4
2,simulation/heat_of_vaporization,experiment/glass_transition_temperature,1
2,simulation/heat_of_vaporization,experiment/heat_capacity,2
2,simulation/heat_of_vaporization,experiment/melting_point,3
2,simulation/heat_of_vaporization,experiment/refractive_index,2
2,simulation/heat_of_vaporization,experiment/speed_of_sound,1
2,simulation/heat_of_vaporization,experiment/surface_tension,2
2,simulation/heat_of_vaporization,experiment/viscosity,4
2,experiment/solvation,experiment/density,11
2,experiment/solvation,experiment/dynamic_relative_permittivity,3
2,experiment/solvation,experiment/electrical_conductivity,3
2,experiment/solvation,experiment/equilibrium_pressure,3
2,experiment/solvation,experiment/glass_transition_temperature,2
2,experiment/solvation,experiment/heat_capacity,7
2,experiment/solvation,experiment/isobaric_coefficient_of_volume_expansion,1
2,experiment/solvation,experiment/melting_point,8
2,experiment/solvation,experiment/pec50,4
2,experiment/solvation,experiment/refractive_index,6
2,experiment/solvation,experiment/self_diffusion_coefficient,1
2,experiment/solvation,experiment/speed_of_sound,3
2,experiment/solvation,experiment/static_relative_permittivity,1
2,experiment/solvation,experiment/surface_tension,7
2,experiment/solvation,experiment/thermal_conductivity,2
2,experiment/solvation,experiment/thermal_decomposition_temperature,5
2,experiment/solvation,experiment/viscosity,10
2,experiment/solvation,experiment/x_co2,3
2,experiment/solvation,experiment/transfer,13
2,experiment/transfer,experiment/density,8
2,experiment/transfer,experiment/dynamic_relative_permittivity,3
2,experiment/transfer,experiment/electrical_conductivity,5
2,experiment/transfer,experiment/equilibrium_pressure,2
2,experiment/transfer,experiment/glass_transition_temperature,1
2,experiment/transfer,experiment/heat_capacity,5
2,experiment/transfer,experiment/melting_point,3
2,experiment/transfer,experiment/pec50,5
2,experiment/transfer,experiment/refractive_index,4
2,experiment/transfer,experiment/self_diffusion_coefficient,3
2,experiment/transfer,experiment/speed_of_sound,4
2,experiment/transfer,experiment/static_relative_permittivity,2
2,experiment/transfer,experiment/surface_tension,6
2,experiment/transfer,experiment/thermal_conductivity,5
2,experiment/transfer,experiment/thermal_decomposition_temperature,4
2,experiment/transfer,experiment/viscosity,8
2,experiment/transfer,experiment/x_co2,3
2,experiment/transfer,experiment/solvation,12
3,experiment/density,experiment/dynamic_relative_permittivity,11
3,experiment/density,experiment/electrical_conductivity,82
3,experiment/density,experiment/equilibrium_pressure,11
3,experiment/density,experiment/glass_transition_temperature,29
3,experiment/density,experiment/heat_capacity,54
3,experiment/density,experiment/isobaric_coefficient_of_volume_expansion,3
3,experiment/density,experiment/melting_point,103
3,experiment/density,experiment/pec50,33
3,experiment/density,experiment/refractive_index,88
3,experiment/density,experiment/self_diffusion_coefficient,7
3,experiment/density,experiment/speed_of_sound,43
3,experiment/density,experiment/static_relative_permittivity,10
3,experiment/density,experiment/surface_tension,166
3,experiment/density,experiment/thermal_conductivity,12
3,experiment/density,experiment/thermal_decomposition_temperature,55
3,experiment/density,experiment/viscosity,291
3,experiment/density,experiment/x_co2,13
3,experiment/density,simulation/heat_of_vaporization,1
3,experiment/density,experiment/solvation,10
3,experiment/density,experiment/transfer,9
3,experiment/dynamic_relative_permittivity,experiment/density,7
3,experiment/dynamic_relative_permittivity,experiment/electrical_conductivity,8
3,experiment/dynamic_relative_permittivity,experiment/equilibrium_pressure,1
3,experiment/dynamic_relative_permittivity,experiment/glass_transition_temperature,4
3,experiment/dynamic_relative_permittivity,experiment/heat_capacity,7
3,experiment/dynamic_relative_permittivity,experiment/isobaric_coefficient_of_volume_expansion,1
3,experiment/dynamic_relative_permittivity,experiment/melting_point,6
3,experiment/dynamic_relative_permittivity,experiment/pec50,6
3,experiment/dynamic_relative_permittivity,experiment/refractive_index,5
3,experiment/dynamic_relative_permittivity,experiment/self_diffusion_coefficient,1
3,experiment/dynamic_relative_permittivity,experiment/speed_of_sound,5
3,experiment/dynamic_relative_permittivity,experiment/static_relative_permittivity,3
3,experiment/dynamic_relative_permittivity,experiment/surface_tension,4
3,experiment/dynamic_relative_permittivity,experiment/thermal_conductivity,3
3,experiment/dynamic_relative_permittivity,experiment/thermal_decomposition_temperature,3
3,experiment/dynamic_relative_permittivity,experiment/viscosity,7
3,experiment/dynamic_relative_permittivity,experiment/x_co2,4
3,experiment/dynamic_relative_permittivity,experiment/solvation,3
3,experiment/dynamic_relative_permittivity,experiment/transfer,2
3,experiment/electrical_conductivity,experiment/density,91
3,experiment/electrical_conductivity,experiment/dynamic_relative_permittivity,8
3,experiment/electrical_conductivity,experiment/equilibrium_pressure,10
3,experiment/electrical_conductivity,experiment/glass_transition_temperature,13
3,experiment/electrical_conductivity,experiment/heat_capacity,20
3,experiment/electrical_conductivity,experiment/isobaric_coefficient_of_volume_expansion,1
3,experiment/electrical_conductivity,experiment/melting_point,30
3,experiment/electrical_conductivity,experiment/pec50,12
3,experiment/electrical_conductivity,experiment/refractive_index,38
3,experiment/electrical_conductivity,experiment/self_diffusion_coefficient,5
3,experiment/electrical_conductivity,experiment/speed_of_sound,14
3,experiment/electrical_conductivity,experiment/static_relative_permittivity,5
3,experiment/electrical_conductivity,experiment/surface_tension,30
3,experiment/electrical_conductivity,experiment/thermal_conductivity,10
3,experiment/electrical_conductivity,experiment/thermal_decomposition_temperature,19
3,experiment/electrical_conductivity,experiment/viscosity,87
3,experiment/electrical_conductivity,experiment/x_co2,12
3,experiment/electrical_conductivity,experiment/solvation,2
3,experiment/electrical_conductivity,experiment/transfer,3
3,experiment/equilibrium_pressure,experiment/density,13
3,experiment/equilibrium_pressure,experiment/dynamic_relative_permittivity,3
3,experiment/equilibrium_pressure,experiment/electrical_conductivity,13
3,experiment/equilibrium_pressure,experiment/glass_transition_temperature,5
3,experiment/equilibrium_pressure,experiment/heat_capacity,8
3,experiment/equilibrium_pressure,experiment/isobaric_coefficient_of_volume_expansion,2
3,experiment/equilibrium_pressure,experiment/melting_point,8
3,experiment/equilibrium_pressure,experiment/pec50,8
3,experiment/equilibrium_pressure,experiment/refractive_index,10
3,experiment/equilibrium_pressure,experiment/self_diffusion_coefficient,2
3,experiment/equilibrium_pressure,experiment/speed_of_sound,8
3,experiment/equilibrium_pressure,experiment/static_relative_permittivity,3
3,experiment/equilibrium_pressure,experiment/surface_tension,11
3,experiment/equilibrium_pressure,experiment/thermal_conductivity,6
3,experiment/equilibrium_pressure,experiment/thermal_decomposition_temperature,6
3,experiment/equilibrium_pressure,experiment/viscosity,13
3,experiment/equilibrium_pressure,experiment/x_co2,8
3,experiment/equilibrium_pressure,experiment/solvation,5
3,experiment/equilibrium_pressure,experiment/transfer,4
3,experiment/glass_transition_temperature,experiment/density,37
3,experiment/glass_transition_temperature,experiment/dynamic_relative_permittivity,4
3,experiment/glass_transition_temperature,experiment/electrical_conductivity,12
3,experiment/glass_transition_temperature,experiment/equilibrium_pressure,5
3,experiment/glass_transition_temperature,experiment/heat_capacity,6
3,experiment/glass_transition_temperature,experiment/melting_point,34
3,experiment/glass_transition_temperature,experiment/pec50,7
3,experiment/glass_transition_temperature,experiment/refractive_index,14
3,experiment/glass_transition_temperature,experiment/speed_of_sound,7
3,experiment/glass_transition_temperature,experiment/static_relative_permittivity,1
3,experiment/glass_transition_temperature,experiment/surface_tension,14
3,experiment/glass_transition_temperature,experiment/thermal_conductivity,6
3,experiment/glass_transition_temperature,experiment/thermal_decomposition_temperature,51
3,experiment/glass_transition_temperature,experiment/viscosity,34
3,experiment/glass_transition_temperature,experiment/x_co2,5
3,experiment/glass_transition_temperature,simulation/heat_of_vaporization,1
3,experiment/glass_transition_temperature,experiment/solvation,2
3,experiment/glass_transition_temperature,experiment/transfer,2
3,experiment/heat_capacity,experiment/density,46
3,experiment/heat_capacity,experiment/dynamic_relative_permittivity,6
3,experiment/heat_capacity,experiment/electrical_conductivity,21
3,experiment/heat_capacity,experiment/equilibrium_pressure,5
3,experiment/heat_capacity,experiment/glass_transition_temperature,13
3,experiment/heat_capacity,experiment/isobaric_coefficient_of_volume_expansion,3
3,experiment/heat_capacity,experiment/melting_point,14
3,experiment/heat_capacity,experiment/pec50,8
3,experiment/heat_capacity,experiment/refractive_index,27
3,experiment/heat_capacity,experiment/self_diffusion_coefficient,2
3,experiment/heat_capacity,experiment/speed_of_sound,16
3,experiment/heat_capacity,experiment/static_relative_permittivity,3
3,experiment/heat_capacity,experiment/surface_tension,22
3,experiment/heat_capacity,experiment/thermal_conductivity,11
3,experiment/heat_capacity,experiment/thermal_decomposition_temperature,17
3,experiment/heat_capacity,experiment/viscosity,45
3,experiment/heat_capacity,experiment/x_co2,11
3,experiment/heat_capacity,experiment/solvation,8
3,experiment/heat_capacity,experiment/transfer,6
3,experiment/isobaric_coefficient_of_volume_expansion,experiment/density,4
3,experiment/isobaric_coefficient_of_volume_expansion,experiment/dynamic_relative_permittivity,1
3,experiment/isobaric_coefficient_of_volume_expansion,experiment/electrical_conductivity,1
3,experiment/isobaric_coefficient_of_volume_expansion,experiment/equilibrium_pressure,1
3,experiment/isobaric_coefficient_of_volume_expansion,experiment/glass_transition_temperature,2
3,experiment/isobaric_coefficient_of_volume_expansion,experiment/heat_capacity,2
3,experiment/isobaric_coefficient_of_volume_expansion,experiment/pec50,1
3,experiment/isobaric_coefficient_of_volume_expansion,experiment/refractive_index,4
3,experiment/isobaric_coefficient_of_volume_expansion,experiment/self_diffusion_coefficient,1
3,experiment/isobaric_coefficient_of_volume_expansion,experiment/speed_of_sound,1
3,experiment/isobaric_coefficient_of_volume_expansion,experiment/surface_tension,2
3,experiment/isobaric_coefficient_of_volume_expansion,experiment/thermal_conductivity,2
3,experiment/isobaric_coefficient_of_volume_expansion,experiment/thermal_decomposition_temperature,1
3,experiment/isobaric_coefficient_of_volume_expansion,experiment/viscosity,4
3,experiment/isobaric_coefficient_of_volume_expansion,experiment/x_co2,2
3,experiment/isobaric_coefficient_of_volume_expansion,experiment/solvation,1
3,experiment/melting_point,experiment/density,109
3,experiment/melting_point,experiment/dynamic_relative_permittivity,9
3,experiment/melting_point,experiment/electrical_conductivity,35
3,experiment/melting_point,experiment/equilibrium_pressure,17
3,experiment/melting_point,experiment/glass_transition_temperature,33
3,experiment/melting_point,experiment/heat_capacity,35
3,experiment/melting_point,experiment/isobaric_coefficient_of_volume_expansion,3
3,experiment/melting_point,experiment/pec50,20
3,experiment/melting_point,experiment/refractive_index,28
3,experiment/melting_point,experiment/self_diffusion_coefficient,6
3,experiment/melting_point,experiment/speed_of_sound,15
3,experiment/melting_point,experiment/static_relative_permittivity,5
3,experiment/melting_point,experiment/surface_tension,38
3,experiment/melting_point,experiment/thermal_conductivity,9
3,experiment/melting_point,experiment/thermal_decomposition_temperature,89
3,experiment/melting_point,experiment/viscosity,107
3,experiment/melting_point,experiment/x_co2,16
3,experiment/melting_point,experiment/solvation,8
3,experiment/melting_point,experiment/transfer,6
3,experiment/pec50,experiment/density,22
3,experiment/pec50,experiment/dynamic_relative_permittivity,2
3,experiment/pec50,experiment/electrical_conductivity,9
3,experiment/pec50,experiment/equilibrium_pressure,4
3,experiment/pec50,experiment/glass_transition_temperature,9
3,experiment/pec50,experiment/heat_capacity,11
3,experiment/pec50,experiment/isobaric_coefficient_of_volume_expansion,1
3,experiment/pec50,experiment/melting_point,14
3,experiment/pec50,experiment/refractive_index,9
3,experiment/pec50,experiment/self_diffusion_coefficient,4
3,experiment/pec50,experiment/speed_of_sound,3
3,experiment/pec50,experiment/static_relative_permittivity,1
3,experiment/pec50,experiment/surface_tension,12
3,experiment/pec50,experiment/thermal_conductivity,2
3,experiment/pec50,experiment/thermal_decomposition_temperature,8
3,experiment/pec50,experiment/viscosity,19
3,experiment/pec50,experiment/x_co2,7
3,experiment/pec50,experiment/solvation,1
3,experiment/pec50,experiment/transfer,1
3,experiment/refractive_index,experiment/density,86
3,experiment/refractive_index,experiment/dynamic_relative_permittivity,5
3,experiment/refractive_index,experiment/electrical_conductivity,32
3,experiment/refractive_index,experiment/equilibrium_pressure,10
3,experiment/refractive_index,experiment/glass_transition_temperature,17
3,experiment/refractive_index,experiment/heat_capacity,28
3,experiment/refractive_index,experiment/isobaric_coefficient_of_volume_expansion,5
3,experiment/refractive_index,experiment/melting_point,29
3,experiment/refractive_index,experiment/pec50,18
3,experiment/refractive_index,experiment/self_diffusion_coefficient,9
3,experiment/refractive_index,experiment/speed_of_sound,26
3,experiment/refractive_index,experiment/static_relative_permittivity,4
3,experiment/refractive_index,experiment/surface_tension,38
3,experiment/refractive_index,experiment/thermal_conductivity,7
3,experiment/refractive_index,experiment/thermal_decomposition_temperature,23
3,experiment/refractive_index,experiment/viscosity,87
3,experiment/refractive_index,experiment/x_co2,17
3,experiment/refractive_index,simulation/heat_of_vaporization,1
3,experiment/refractive_index,experiment/solvation,8
3,experiment/refractive_index,experiment/transfer,9
3,experiment/self_diffusion_coefficient,experiment/density,7
3,experiment/self_diffusion_coefficient,experiment/electrical_conductivity,3
3,experiment/self_diffusion_coefficient,experiment/equilibrium_pressure,3
3,experiment/self_diffusion_coefficient,experiment/glass_transition_temperature,2
3,experiment/self_diffusion_coefficient,experiment/heat_capacity,3
3,experiment/self_diffusion_coefficient,experiment/isobaric_coefficient_of_volume_expansion,1
3,experiment/self_diffusion_coefficient,experiment/melting_point,2
3,experiment/self_diffusion_coefficient,experiment/pec50,2
3,experiment/self_diffusion_coefficient,experiment/refractive_index,4
3,experiment/self_diffusion_coefficient,experiment/speed_of_sound,1
3,experiment/self_diffusion_coefficient,experiment/static_relative_permittivity,1
3,experiment/self_diffusion_coefficient,experiment/surface_tension,4
3,experiment/self_diffusion_coefficient,experiment/thermal_conductivity,4
3,experiment/self_diffusion_coefficient,experiment/thermal_decomposition_temperature,1
3,experiment/self_diffusion_coefficient,experiment/viscosity,7
3,experiment/self_diffusion_coefficient,experiment/x_co2,2
3,experiment/self_diffusion_coefficient,experiment/solvation,1
3,experiment/self_diffusion_coefficient,experiment/transfer,1
3,experiment/speed_of_sound,experiment/density,38
3,experiment/speed_of_sound,experiment/dynamic_relative_permittivity,5
3,experiment/speed_of_sound,experiment/electrical_conductivity,17
3,experiment/speed_of_sound,experiment/equilibrium_pressure,9
3,experiment/speed_of_sound,experiment/glass_transition_temperature,9
3,experiment/speed_of_sound,experiment/heat_capacity,22
3,experiment/speed_of_sound,experiment/isobaric_coefficient_of_volume_expansion,1
3,experiment/speed_of_sound,experiment/melting_point,15
3,experiment/speed_of_sound,experiment/pec50,7
3,experiment/speed_of_sound,experiment/refractive_index,28
3,experiment/speed_of_sound,experiment/self_diffusion_coefficient,5
3,experiment/speed_of_sound,experiment/static_relative_permittivity,5
3,experiment/speed_of_sound,experiment/surface_tension,19
3,experiment/speed_of_sound,experiment/thermal_conductivity,9
3,experiment/speed_of_sound,experiment/thermal_decomposition_temperature,9
3,experiment/speed_of_sound,experiment/viscosity,34
3,experiment/speed_of_sound,experiment/x_co2,10
3,experiment/speed_of_sound,experiment/solvation,4
3,experiment/speed_of_sound,experiment/transfer,3
3,experiment/static_relative_permittivity,experiment/density,6
3,experiment/static_relative_permittivity,experiment/dynamic_relative_permittivity,5
3,experiment/static_relative_permittivity,experiment/electrical_conductivity,5
3,experiment/static_relative_permittivity,experiment/equilibrium_pressure,3
3,experiment/static_relative_permittivity,experiment/glass_transition_temperature,6
3,experiment/static_relative_permittivity,experiment/heat_capacity,6
3,experiment/static_relative_permittivity,experiment/isobaric_coefficient_of_volume_expansion,2
3,experiment/static_relative_permittivity,experiment/melting_point,4
3,experiment/static_relative_permittivity,experiment/pec50,3
3,experiment/static_relative_permittivity,experiment/refractive_index,4
3,experiment/static_relative_permittivity,experiment/self_diffusion_coefficient,3
3,experiment/static_relative_permittivity,experiment/speed_of_sound,6
3,experiment/static_relative_permittivity,experiment/surface_tension,5
3,experiment/static_relative_permittivity,experiment/thermal_conductivity,4
3,experiment/static_relative_permittivity,experiment/thermal_decomposition_temperature,6
3,experiment/static_relative_permittivity,experiment/viscosity,6
3,experiment/static_relative_permittivity,experiment/x_co2,6
3,experiment/static_relative_permittivity,experiment/solvation,3
3,experiment/static_relative_permittivity,experiment/transfer,2
3,experiment/surface_tension,experiment/density,158
3,experiment/surface_tension,experiment/dynamic_relative_permittivity,5
3,experiment/surface_tension,experiment/electrical_conductivity,34
3,experiment/surface_tension,experiment/equilibrium_pressure,12
3,experiment/surface_tension,experiment/glass_transition_temperature,19
3,experiment/surface_tension,experiment/heat_capacity,36
3,experiment/surface_tension,experiment/isobaric_coefficient_of_volume_expansion,3
3,experiment/surface_tension,experiment/melting_point,27
3,experiment/surface_tension,experiment/pec50,21
3,experiment/surface_tension,experiment/refractive_index,43
3,experiment/surface_tension,experiment/self_diffusion_coefficient,5
3,experiment/surface_tension,experiment/speed_of_sound,13
3,experiment/surface_tension,experiment/static_relative_permittivity,7
3,experiment/surface_tension,experiment/thermal_conductivity,11
3,experiment/surface_tension,experiment/thermal_decomposition_temperature,22
3,experiment/surface_tension,experiment/viscosity,78
3,experiment/surface_tension,experiment/x_co2,17
3,experiment/surface_tension,simulation/heat_of_vaporization,5
3,experiment/surface_tension,experiment/solvation,9
3,experiment/surface_tension,experiment/transfer,9
3,experiment/thermal_conductivity,experiment/density,12
3,experiment/thermal_conductivity,experiment/dynamic_relative_permittivity,6
3,experiment/thermal_conductivity,experiment/electrical_conductivity,11
3,experiment/thermal_conductivity,experiment/equilibrium_pressure,3
3,experiment/thermal_conductivity,experiment/glass_transition_temperature,9
3,experiment/thermal_conductivity,experiment/heat_capacity,10
3,experiment/thermal_conductivity,experiment/isobaric_coefficient_of_volume_expansion,4
3,experiment/thermal_conductivity,experiment/melting_point,8
3,experiment/thermal_conductivity,experiment/pec50,5
3,experiment/thermal_conductivity,experiment/refractive_index,10
3,experiment/thermal_conductivity,experiment/self_diffusion_coefficient,5
3,experiment/thermal_conductivity,experiment/speed_of_sound,7
3,experiment/thermal_conductivity,experiment/static_relative_permittivity,3
3,experiment/thermal_conductivity,experiment/surface_tension,11
3,experiment/thermal_conductivity,experiment/thermal_decomposition_temperature,12
3,experiment/thermal_conductivity,experiment/viscosity,12
3,experiment/thermal_conductivity,experiment/x_co2,8
3,experiment/thermal_conductivity,experiment/solvation,3
3,experiment/thermal_conductivity,experiment/transfer,3
3,experiment/thermal_decomposition_temperature,experiment/density,66
3,experiment/thermal_decomposition_temperature,experiment/dynamic_relative_permittivity,4
3,experiment/thermal_decomposition_temperature,experiment/electrical_conductivity,22
3,experiment/thermal_decomposition_temperature,experiment/equilibrium_pressure,3
3,experiment/thermal_decomposition_temperature,experiment/glass_transition_temperature,63
3,experiment/thermal_decomposition_temperature,experiment/heat_capacity,16
3,experiment/thermal_decomposition_temperature,experiment/isobaric_coefficient_of_volume_expansion,1
3,experiment/thermal_decomposition_temperature,experiment/melting_point,95
3,experiment/thermal_decomposition_temperature,experiment/pec50,14
3,experiment/thermal_decomposition_temperature,experiment/refractive_index,19
3,experiment/thermal_decomposition_temperature,experiment/self_diffusion_coefficient,3
3,experiment/thermal_decomposition_temperature,experiment/speed_of_sound,8
3,experiment/thermal_decomposition_temperature,experiment/static_relative_permittivity,3
3,experiment/thermal_decomposition_temperature,experiment/surface_tension,24
3,experiment/thermal_decomposition_temperature,experiment/thermal_conductivity,5
3,experiment/thermal_decomposition_temperature,experiment/viscosity,55
3,experiment/thermal_decomposition_temperature,experiment/x_co2,9
3,experiment/thermal_decomposition_temperature,simulation/heat_of_vaporization,1
3,experiment/thermal_decomposition_temperature,experiment/solvation,4
3,experiment/thermal_decomposition_temperature,experiment/transfer,2
3,experiment/viscosity,experiment/density,319
3,experiment/viscosity,experiment/dynamic_relative_permittivity,10
3,experiment/viscosity,experiment/electrical_conductivity,80
3,experiment/viscosity,experiment/equilibrium_pressure,9
3,experiment/viscosity,experiment/glass_transition_temperature,30
3,experiment/viscosity,experiment/heat_capacity,41
3,experiment/viscosity,experiment/isobaric_coefficient_of_volume_expansion,3
3,experiment/viscosity,experiment/melting_point,89
3,experiment/viscosity,experiment/pec50,20
3,experiment/viscosity,experiment/refractive_index,72
3,experiment/viscosity,experiment/self_diffusion_coefficient,7
3,experiment/viscosity,experiment/speed_of_sound,31
3,experiment/viscosity,experiment/static_relative_permittivity,7
3,experiment/viscosity,experiment/surface_tension,76
3,experiment/viscosity,experiment/thermal_conductivity,13
3,experiment/viscosity,experiment/thermal_decomposition_temperature,46
3,experiment/viscosity,experiment/x_co2,13
3,experiment/viscosity,simulation/heat_of_vaporization,3
3,experiment/viscosity,experiment/solvation,12
3,experiment/viscosity,experiment/transfer,13
3,experiment/x_co2,experiment/density,16
3,experiment/x_co2,experiment/dynamic_relative_permittivity,6
3,experiment/x_co2,experiment/electrical_conductivity,8
3,experiment/x_co2,experiment/equilibrium_pressure,6
3,experiment/x_co2,experiment/glass_transition_temperature,10
3,experiment/x_co2,experiment/heat_capacity,9
3,experiment/x_co2,experiment/isobaric_coefficient_of_volume_expansion,2
3,experiment/x_co2,experiment/melting_point,11
3,experiment/x_co2,experiment/pec50,4
3,experiment/x_co2,experiment/refractive_index,10
3,experiment/x_co2,experiment/self_diffusion_coefficient,4
3,experiment/x_co2,experiment/speed_of_sound,7
3,experiment/x_co2,experiment/static_relative_permittivity,3
3,experiment/x_co2,experiment/surface_tension,10
3,experiment/x_co2,experiment/thermal_conductivity,6
3,experiment/x_co2,experiment/thermal_decomposition_temperature,9
3,experiment/x_co2,experiment/viscosity,18
3,experiment/x_co2,experiment/solvation,2
3,experiment/x_co2,experiment/transfer,3
3,simulation/heat_of_vaporization,experiment/density,4
3,simulation/heat_of_vaporization,experiment/glass_transition_temperature,1
3,simulation/heat_of_vaporization,experiment/melting_point,1
3,simulation/heat_of_vaporization,experiment/refractive_index,1
3,simulation/heat_of_vaporization,experiment/speed_of_sound,1
3,simulation/heat_of_vaporization,experiment/surface_tension,1
3,simulation/heat_of_vaporization,experiment/viscosity,4
3,experiment/solvation,experiment/density,9
3,experiment/solvation,experiment/dynamic_relative_permittivity,2
3,experiment/solvation,experiment/electrical_conductivity,5
3,experiment/solvation,experiment/equilibrium_pressure,5
3,experiment/solvation,experiment/glass_transition_temperature,4
3,experiment/solvation,experiment/heat_capacity,5
3,experiment/solvation,experiment/isobaric_coefficient_of_volume_expansion,1
3,experiment/solvation,experiment/melting_point,5
3,experiment/solvation,experiment/pec50,5
3,experiment/solvation,experiment/refractive_index,6
3,experiment/solvation,experiment/self_diffusion_coefficient,3
3,experiment/solvation,experiment/speed_of_sound,3
3,experiment/solvation,experiment/static_relative_permittivity,3
3,experiment/solvation,experiment/surface_tension,7
3,experiment/solvation,experiment/thermal_conductivity,5
3,experiment/solvation,experiment/thermal_decomposition_temperature,5
3,experiment/solvation,experiment/viscosity,9
3,experiment/solvation,experiment/x_co2,6
3,experiment/solvation,experiment/transfer,9
3,experiment/transfer,experiment/density,10
3,experiment/transfer,experiment/dynamic_relative_permittivity,3
3,experiment/transfer,experiment/electrical_conductivity,6
3,experiment/transfer,experiment/equilibrium_pressure,3
3,experiment/transfer,experiment/glass_transition_temperature,4
3,experiment/transfer,experiment/heat_capacity,5
3,experiment/transfer,experiment/isobaric_coefficient_of_volume_expansion,1
3,experiment/transfer,experiment/melting_point,6
3,experiment/transfer,experiment/pec50,3
3,experiment/transfer,experiment/refractive_index,5
3,experiment/transfer,experiment/self_diffusion_coefficient,1
3,experiment/transfer,experiment/speed_of_sound,3
3,experiment/transfer,experiment/static_relative_permittivity,3
3,experiment/transfer,experiment/surface_tension,8
3,experiment/transfer,experiment/thermal_conductivity,4
3,experiment/transfer,experiment/thermal_decomposition_temperature,2
3,experiment/transfer,experiment/viscosity,8
3,experiment/transfer,experiment/x_co2,5
3,experiment/transfer,experiment/solvation,9
4,experiment/density,experiment/dynamic_relative_permittivity,7
4,experiment/density,experiment/electrical_conductivity,101
4,experiment/density,experiment/equilibrium_pressure,18
4,experiment/density,experiment/glass_transition_temperature,39
4,experiment/density,experiment/heat_capacity,52
4,experiment/density,experiment/isobaric_coefficient_of_volume_expansion,7
4,experiment/density,experiment/melting_point,103
4,experiment/density,experiment/pec50,20
4,experiment/density,experiment/refractive_index,92
4,experiment/density,experiment/self_diffusion_coefficient,9
4,experiment/density,experiment/speed_of_sound,35
4,experiment/density,experiment/static_relative_permittivity,5
4,experiment/density,experiment/surface_tension,169
4,experiment/density,experiment/thermal_conductivity,19
4,experiment/density,experiment/thermal_decomposition_temperature,66
4,experiment/density,experiment/viscosity,320
4,experiment/density,experiment/x_co2,20
4,experiment/density,simulation/heat_of_vaporization,4
4,experiment/density,experiment/solvation,8
4,experiment/density,experiment/transfer,6
4,experiment/dynamic_relative_permittivity,experiment/density,7
4,experiment/dynamic_relative_permittivity,experiment/electrical_conductivity,6
4,experiment/dynamic_relative_permittivity,experiment/equilibrium_pressure,3
4,experiment/dynamic_relative_permittivity,experiment/glass_transition_temperature,5
4,experiment/dynamic_relative_permittivity,experiment/heat_capacity,5
4,experiment/dynamic_relative_permittivity,experiment/isobaric_coefficient_of_volume_expansion,2
4,experiment/dynamic_relative_permittivity,experiment/melting_point,7
4,experiment/dynamic_relative_permittivity,experiment/pec50,4
4,experiment/dynamic_relative_permittivity,experiment/refractive_index,3
4,experiment/dynamic_relative_permittivity,experiment/self_diffusion_coefficient,2
4,experiment/dynamic_relative_permittivity,experiment/speed_of_sound,4
4,experiment/dynamic_relative_permittivity,experiment/static_relative_permittivity,3
4,experiment/dynamic_relative_permittivity,experiment/surface_tension,6
4,experiment/dynamic_relative_permittivity,experiment/thermal_conductivity,5
4,experiment/dynamic_relative_permittivity,experiment/thermal_decomposition_temperature,6
4,experiment/dynamic_relative_permittivity,experiment/viscosity,9
4,experiment/dynamic_relative_permittivity,experiment/x_co2,5
4,experiment/dynamic_relative_permittivity,experiment/solvation,4
4,experiment/dynamic_relative_permittivity,experiment/transfer,2
4,experiment/electrical_conductivity,experiment/density,97
4,experiment/electrical_conductivity,experiment/dynamic_relative_permittivity,7
4,experiment/electrical_conductivity,experiment/equilibrium_pressure,12
4,experiment/electrical_conductivity,experiment/glass_transition_temperature,15
4,experiment/electrical_conductivity,experiment/heat_capacity,23
4,experiment/electrical_conductivity,experiment/isobaric_coefficient_of_volume_expansion,5
4,experiment/electrical_conductivity,experiment/melting_point,41
4,experiment/electrical_conductivity,experiment/pec50,14
4,experiment/electrical_conductivity,experiment/refractive_index,39
4,experiment/electrical_conductivity,experiment/self_diffusion_coefficient,5
4,experiment/electrical_conductivity,experiment/speed_of_sound,16
4,experiment/electrical_conductivity,experiment/static_relative_permittivity,9
4,experiment/electrical_conductivity,experiment/surface_tension,37
4,experiment/electrical_conductivity,experiment/thermal_conductivity,7
4,experiment/electrical_conductivity,experiment/thermal_decomposition_temperature,20
4,experiment/electrical_conductivity,experiment/viscosity,84
4,experiment/electrical_conductivity,experiment/x_co2,14
4,experiment/electrical_conductivity,experiment/solvation,7
4,experiment/electrical_conductivity,experiment/transfer,5
4,experiment/equilibrium_pressure,experiment/density,14
4,experiment/equilibrium_pressure,experiment/dynamic_relative_permittivity,5
4,experiment/equilibrium_pressure,experiment/electrical_conductivity,8
4,experiment/equilibrium_pressure,experiment/glass_transition_temperature,6
4,experiment/equilibrium_pressure,experiment/heat_capacity,6
4,experiment/equilibrium_pressure,experiment/melting_point,7
4,experiment/equilibrium_pressure,experiment/pec50,4
4,experiment/equilibrium_pressure,experiment/refractive_index,7
4,experiment/equilibrium_pressure,experiment/self_diffusion_coefficient,4
4,experiment/equilibrium_pressure,experiment/speed_of_sound,5
4,experiment/equilibrium_pressure,experiment/static_relative_permittivity,4
4,experiment/equilibrium_pressure,experiment/surface_tension,12
4,experiment/equilibrium_pressure,experiment/thermal_conductivity,7
4,experiment/equilibrium_pressure,experiment/thermal_decomposition_temperature,3
4,experiment/equilibrium_pressure,experiment/viscosity,10
4,experiment/equilibrium_pressure,experiment/x_co2,3
4,experiment/equilibrium_pressure,experiment/solvation,3
4,experiment/equilibrium_pressure,experiment/transfer,2
4,experiment/glass_transition_temperature,experiment/density,33
4,experiment/glass_transition_temperature,experiment/electrical_conductivity,9
4,experiment/glass_transition_temperature,experiment/equilibrium_pressure,4
4,experiment/glass_transition_temperature,experiment/heat_capacity,10
4,experiment/glass_transition_temperature,experiment/isobaric_coefficient_of_volume_expansion,1
4,experiment/glass_transition_temperature,experiment/melting_point,34
4,experiment/glass_transition_temperature,experiment/pec50,6
4,experiment/glass_transition_temperature,experiment/refractive_index,12
4,experiment/glass_transition_temperature,experiment/self_diffusion_coefficient,2
4,experiment/glass_transition_temperature,experiment/speed_of_sound,4
4,experiment/glass_transition_temperature,experiment/static_relative_permittivity,2
4,experiment/glass_transition_temperature,experiment/surface_tension,16
4,experiment/glass_transition_temperature,experiment/thermal_conductivity,3
4,experiment/glass_transition_temperature,experiment/thermal_decomposition_temperature,60
4,experiment/glass_transition_temperature,experiment/viscosity,19
4,experiment/glass_transition_temperature,experiment/x_co2,10
4,experiment/glass_transition_temperature,simulation/heat_of_vaporization,1
4,experiment/glass_transition_temperature,experiment/solvation,2
4,experiment/glass_transition_temperature,experiment/transfer,1
4,experiment/heat_capacity,experiment/density,48
4,experiment/heat_capacity,experiment/dynamic_relative_permittivity,4
4,experiment/heat_capacity,experiment/electrical_conductivity,18
4,experiment/heat_capacity,experiment/equilibrium_pressure,10
4,experiment/heat_capacity,experiment/glass_transition_temperature,11
4,experiment/heat_capacity,experiment/isobaric_coefficient_of_volume_expansion,3
4,experiment/heat_capacity,experiment/melting_point,24
4,experiment/heat_capacity,experiment/pec50,9
4,experiment/heat_capacity,experiment/refractive_index,35
4,experiment/heat_capacity,experiment/self_diffusion_coefficient,6
4,experiment/heat_capacity,experiment/speed_of_sound,19
4,experiment/heat_capacity,experiment/static_relative_permittivity,5
4,experiment/heat_capacity,experiment/surface_tension,32
4,experiment/heat_capacity,experiment/thermal_conductivity,13
4,experiment/heat_capacity,experiment/thermal_decomposition_temperature,18
4,experiment/heat_capacity,experiment/viscosity,49
4,experiment/heat_capacity,experiment/x_co2,10
4,experiment/heat_capacity,simulation/heat_of_vaporization,2
4,experiment/heat_capacity,experiment/solvation,4
4,experiment/heat_capacity,experiment/transfer,3
4,experiment/isobaric_coefficient_of_volume_expansion,experiment/density,4
4,experiment/isobaric_coefficient_of_volume_expansion,experiment/electrical_conductivity,1
4,experiment/isobaric_coefficient_of_volume_expansion,experiment/equilibrium_pressure,1
4,experiment/isobaric_coefficient_of_volume_expansion,experiment/glass_transition_temperature,1
4,experiment/isobaric_coefficient_of_volume_expansion,experiment/heat_capacity,1
4,experiment/isobaric_coefficient_of_volume_expansion,experiment/melting_point,1
4,experiment/isobaric_coefficient_of_volume_expansion,experiment/pec50,1
4,experiment/isobaric_coefficient_of_volume_expansion,experiment/refractive_index,4
4,experiment/isobaric_coefficient_of_volume_expansion,experiment/self_diffusion_coefficient,1
4,experiment/isobaric_coefficient_of_volume_expansion,experiment/speed_of_sound,1
4,experiment/isobaric_coefficient_of_volume_expansion,experiment/surface_tension,1
4,experiment/isobaric_coefficient_of_volume_expansion,experiment/thermal_conductivity,2
4,experiment/isobaric_coefficient_of_volume_expansion,experiment/thermal_decomposition_temperature,1
4,experiment/isobaric_coefficient_of_volume_expansion,experiment/viscosity,3
4,experiment/isobaric_coefficient_of_volume_expansion,experiment/x_co2,1
4,experiment/isobaric_coefficient_of_volume_expansion,experiment/solvation,1
4,experiment/isobaric_coefficient_of_volume_expansion,experiment/transfer,1
4,experiment/melting_point,experiment/density,95
4,experiment/melting_point,experiment/dynamic_relative_permittivity,5
4,experiment/melting_point,experiment/electrical_conductivity,35
4,experiment/melting_point,experiment/equilibrium_pressure,7
4,experiment/melting_point,experiment/glass_transition_temperature,27
4,experiment/melting_point,experiment/heat_capacity,21
4,experiment/melting_point,experiment/isobaric_coefficient_of_volume_expansion,3
4,experiment/melting_point,experiment/pec50,16
4,experiment/melting_point,experiment/refractive_index,30
4,experiment/melting_point,experiment/self_diffusion_coefficient,4
4,experiment/melting_point,experiment/speed_of_sound,15
4,experiment/melting_point,experiment/static_relative_permittivity,4
4,experiment/melting_point,experiment/surface_tension,27
4,experiment/melting_point,experiment/thermal_conductivity,10
4,experiment/melting_point,experiment/thermal_decomposition_temperature,101
4,experiment/melting_point,experiment/viscosity,87
4,experiment/melting_point,experiment/x_co2,11
4,experiment/melting_point,simulation/heat_of_vaporization,3
4,experiment/melting_point,experiment/solvation,5
4,experiment/melting_point,experiment/transfer,3
4,experiment/pec50,experiment/density,24
4,experiment/pec50,experiment/dynamic_relative_permittivity,2
4,experiment/pec50,experiment/electrical_conductivity,11
4,experiment/pec50,experiment/equilibrium_pressure,7
4,experiment/pec50,experiment/glass_transition_temperature,7
4,experiment/pec50,experiment/heat_capacity,11
4,experiment/pec50,experiment/isobaric_coefficient_of_volume_expansion,2
4,experiment/pec50,experiment/melting_point,17
4,experiment/pec50,experiment/refractive_index,10
4,experiment/pec50,experiment/self_diffusion_coefficient,2
4,experiment/pec50,experiment/speed_of_sound,9
4,experiment/pec50,experiment/static_relative_permittivity,3
4,experiment/pec50,experiment/surface_tension,24
4,experiment/pec50,experiment/thermal_conductivity,5
4,experiment/pec50,experiment/thermal_decomposition_temperature,7
4,experiment/pec50,experiment/viscosity,17
4,experiment/pec50,experiment/x_co2,4
4,experiment/pec50,experiment/solvation,6
4,experiment/pec50,experiment/transfer,6
4,experiment/refractive_index,experiment/density,82
4,experiment/refractive_index,experiment/dynamic_relative_permittivity,4
4,experiment/refractive_index,experiment/electrical_conductivity,29
4,experiment/refractive_index,experiment/equilibrium_pressure,4
4,experiment/refractive_index,experiment/glass_transition_temperature,16
4,experiment/refractive_index,experiment/heat_capacity,21
4,experiment/refractive_index,experiment/isobaric_coefficient_of_volume_expansion,2
4,experiment/refractive_index,experiment/melting_point,25
4,experiment/refractive_index,experiment/pec50,6
4,experiment/refractive_index,experiment/self_diffusion_coefficient,4
4,experiment/refractive_index,experiment/speed_of_sound,24
4,experiment/refractive_index,experiment/static_relative_permittivity,3
4,experiment/refractive_index,experiment/surface_tension,38
4,experiment/refractive_index,experiment/thermal_conductivity,12
4,experiment/refractive_index,experiment/thermal_decomposition_temperature,17
4,experiment/refractive_index,experiment/viscosity,71
4,experiment/refractive_index,experiment/x_co2,8
4,experiment/refractive_index,simulation/heat_of_vaporization,4
4,experiment/refractive_index,experiment/solvation,4
4,experiment/refractive_index,experiment/transfer,2
4,experiment/self_diffusion_coefficient,experiment/density,7
4,experiment/self_diffusion_coefficient,experiment/dynamic_relative_permittivity,3
4,experiment/self_diffusion_coefficient,experiment/electrical_conductivity,4
4,experiment/self_diffusion_coefficient,experiment/equilibrium_pressure,5
4,experiment/self_diffusion_coefficient,experiment/glass_transition_temperature,2
4,experiment/self_diffusion_coefficient,experiment/heat_capacity,5
4,experiment/self_diffusion_coefficient,experiment/isobaric_coefficient_of_volume_expansion,1
4,experiment/self_diffusion_coefficient,experiment/melting_point,6
4,experiment/self_diffusion_coefficient,experiment/pec50,4
4,experiment/self_diffusion_coefficient,experiment/refractive_index,4
4,experiment/self_diffusion_coefficient,experiment/speed_of_sound,4
4,experiment/self_diffusion_coefficient,experiment/static_relative_permittivity,4
4,experiment/self_diffusion_coefficient,experiment/surface_tension,5
4,experiment/self_diffusion_coefficient,experiment/thermal_conductivity,3
4,experiment/self_diffusion_coefficient,experiment/thermal_decomposition_temperature,3
4,experiment/self_diffusion_coefficient,experiment/viscosity,5
4,experiment/self_diffusion_coefficient,experiment/x_co2,3
4,experiment/self_diffusion_coefficient,experiment/solvation,3
4,experiment/self_diffusion_coefficient,experiment/transfer,3
4,experiment/speed_of_sound,experiment/density,33
4,experiment/speed_of_sound,experiment/dynamic_relative_permittivity,3
4,experiment/speed_of_sound,experiment/electrical_conductivity,18
4,experiment/speed_of_sound,experiment/equilibrium_pressure,4
4,experiment/speed_of_sound,experiment/glass_transition_temperature,8
4,experiment/speed_of_sound,experiment/heat_capacity,14
4,experiment/speed_of_sound,experiment/isobaric_coefficient_of_volume_expansion,2
4,experiment/speed_of_sound,experiment/melting_point,14
4,experiment/speed_of_sound,experiment/pec50,5
4,experiment/speed_of_sound,experiment/refractive_index,31
4,experiment/speed_of_sound,experiment/self_diffusion_coefficient,1
4,experiment/speed_of_sound,experiment/static_relative_permittivity,4
4,experiment/speed_of_sound,experiment/surface_tension,19
4,experiment/speed_of_sound,experiment/thermal_conductivity,5
4,experiment/speed_of_sound,experiment/thermal_decomposition_temperature,8
4,experiment/speed_of_sound,experiment/viscosity,31
4,experiment/speed_of_sound,experiment/x_co2,5
4,experiment/speed_of_sound,experiment/solvation,3
4,experiment/speed_of_sound,experiment/transfer,3
4,experiment/static_relative_permittivity,experiment/density,7
4,experiment/static_relative_permittivity,experiment/dynamic_relative_permittivity,4
4,experiment/static_relative_permittivity,experiment/electrical_conductivity,4
4,experiment/static_relative_permittivity,experiment/equilibrium_pressure,4
4,experiment/static_relative_permittivity,experiment/glass_transition_temperature,3
4,experiment/static_relative_permittivity,experiment/heat_capacity,6
4,experiment/static_relative_permittivity,experiment/isobaric_coefficient_of_volume_expansion,2
4,experiment/static_relative_permittivity,experiment/melting_point,5
4,experiment/static_relative_permittivity,experiment/pec50,1
4,experiment/static_relative_permittivity,experiment/refractive_index,4
4,experiment/static_relative_permittivity,experiment/self_diffusion_coefficient,3
4,experiment/static_relative_permittivity,experiment/speed_of_sound,5
4,experiment/static_relative_permittivity,experiment/surface_tension,7
4,experiment/static_relative_permittivity,experiment/thermal_conductivity,6
4,experiment/static_relative_permittivity,experiment/thermal_decomposition_temperature,6
4,experiment/static_relative_permittivity,experiment/viscosity,6
4,experiment/static_relative_permittivity,experiment/x_co2,6
4,experiment/static_relative_permittivity,experiment/solvation,4
4,experiment/static_relative_permittivity,experiment/transfer,5
4,experiment/surface_tension,experiment/density,141
4,experiment/surface_tension,experiment/dynamic_relative_permittivity,5
4,experiment/surface_tension,experiment/electrical_conductivity,35
4,experiment/surface_tension,experiment/equilibrium_pressure,11
4,experiment/surface_tension,experiment/glass_transition_temperature,15
4,experiment/surface_tension,experiment/heat_capacity,35
4,experiment/surface_tension,experiment/isobaric_coefficient_of_volume_expansion,1
4,experiment/surface_tension,experiment/melting_point,42
4,experiment/surface_tension,experiment/pec50,14
4,experiment/surface_tension,experiment/refractive_index,38
4,experiment/surface_tension,experiment/self_diffusion_coefficient,6
4,experiment/surface_tension,experiment/speed_of_sound,21
4,experiment/surface_tension,experiment/static_relative_permittivity,8
4,experiment/surface_tension,experiment/thermal_conductivity,12
4,experiment/surface_tension,experiment/thermal_decomposition_temperature,26
4,experiment/surface_tension,experiment/viscosity,76
4,experiment/surface_tension,experiment/x_co2,15
4,experiment/surface_tension,simulation/heat_of_vaporization,3
4,experiment/surface_tension,experiment/solvation,4
4,experiment/surface_tension,experiment/transfer,6
4,experiment/thermal_conductivity,experiment/density,13
4,experiment/thermal_conductivity,experiment/dynamic_relative_permittivity,2
4,experiment/thermal_conductivity,experiment/electrical_conductivity,6
4,experiment/thermal_conductivity,experiment/equilibrium_pressure,5
4,experiment/thermal_conductivity,experiment/glass_transition_temperature,4
4,experiment/thermal_conductivity,experiment/heat_capacity,14
4,experiment/thermal_conductivity,experiment/isobaric_coefficient_of_volume_expansion,3
4,experiment/thermal_conductivity,experiment/melting_point,7
4,experiment/thermal_conductivity,experiment/pec50,4
4,experiment/thermal_conductivity,experiment/refractive_index,9
4,experiment/thermal_conductivity,experiment/self_diffusion_coefficient,2
4,experiment/thermal_conductivity,experiment/speed_of_sound,6
4,experiment/thermal_conductivity,experiment/static_relative_permittivity,4
4,experiment/thermal_conductivity,experiment/surface_tension,6
4,experiment/thermal_conductivity,experiment/thermal_decomposition_temperature,9
4,experiment/thermal_conductivity,experiment/viscosity,16
4,experiment/thermal_conductivity,experiment/x_co2,7
4,experiment/thermal_conductivity,experiment/solvation,3
4,experiment/thermal_conductivity,experiment/transfer,2
4,experiment/thermal_decomposition_temperature,experiment/density,48
4,experiment/thermal_decomposition_temperature,experiment/dynamic_relative_permittivity,7
4,experiment/thermal_decomposition_temperature,experiment/electrical_conductivity,20
4,experiment/thermal_decomposition_temperature,experiment/equilibrium_pressure,7
4,experiment/thermal_decomposition_temperature,experiment/glass_transition_temperature,49
4,experiment/thermal_decomposition_temperature,experiment/heat_capacity,20
4,experiment/thermal_decomposition_temperature,experiment/isobaric_coefficient_of_volume_expansion,3
4,experiment/thermal_decomposition_temperature,experiment/melting_point,97
4,experiment/thermal_decomposition_temperature,experiment/pec50,10
4,experiment/thermal_decomposition_temperature,experiment/refractive_index,24
4,experiment/thermal_decomposition_temperature,experiment/self_diffusion_coefficient,2
4,experiment/thermal_decomposition_temperature,experiment/speed_of_sound,9
4,experiment/thermal_decomposition_temperature,experiment/static_relative_permittivity,6
4,experiment/thermal_decomposition_temperature,experiment/surface_tension,27
4,experiment/thermal_decomposition_temperature,experiment/thermal_conductivity,9
4,experiment/thermal_decomposition_temperature,experiment/viscosity,48
4,experiment/thermal_decomposition_temperature,experiment/x_co2,6
4,experiment/thermal_decomposition_temperature,experiment/solvation,6
4,experiment/thermal_decomposition_temperature,experiment/transfer,4
4,experiment/viscosity,experiment/density,308
4,experiment/viscosity,experiment/dynamic_relative_permittivity,10
4,experiment/viscosity,experiment/electrical_conductivity,87
4,experiment/viscosity,experiment/equilibrium_pressure,12
4,experiment/viscosity,experiment/glass_transition_temperature,38
4,experiment/viscosity,experiment/heat_capacity,43
4,experiment/viscosity,experiment/isobaric_coefficient_of_volume_expansion,3
4,experiment/viscosity,experiment/melting_point,101
4,experiment/viscosity,experiment/pec50,19
4,experiment/viscosity,experiment/refractive_index,83
4,experiment/viscosity,experiment/self_diffusion_coefficient,11
4,experiment/viscosity,experiment/speed_of_sound,35
4,experiment/viscosity,experiment/static_relative_permittivity,6
4,experiment/viscosity,experiment/surface_tension,83
4,experiment/viscosity,experiment/thermal_conductivity,21
4,experiment/viscosity,experiment/thermal_decomposition_temperature,53
4,experiment/viscosity,experiment/x_co2,19
4,experiment/viscosity,simulation/heat_of_vaporization,5
4,experiment/viscosity,experiment/solvation,8
4,experiment/viscosity,experiment/transfer,6
4,experiment/x_co2,experiment/density,14
4,experiment/x_co2,experiment/dynamic_relative_permittivity,4
4,experiment/x_co2,experiment/electrical_conductivity,9
4,experiment/x_co2,experiment/equilibrium_pressure,3
4,experiment/x_co2,experiment/glass_transition_temperature,7
4,experiment/x_co2,experiment/heat_capacity,9
4,experiment/x_co2,experiment/isobaric_coefficient_of_volume_expansion,1
4,experiment/x_co2,experiment/melting_point,5
4,experiment/x_co2,experiment/pec50,2
4,experiment/x_co2,experiment/refractive_index,9
4,experiment/x_co2,experiment/self_diffusion_coefficient,1
4,experiment/x_co2,experiment/speed_of_sound,8
4,experiment/x_co2,experiment/static_relative_permittivity,5
4,experiment/x_co2,experiment/surface_tension,12
4,experiment/x_co2,experiment/thermal_conductivity,5
4,experiment/x_co2,experiment/thermal_decomposition_temperature,3
4,experiment/x_co2,experiment/viscosity,13
4,experiment/x_co2,experiment/solvation,4
4,experiment/x_co2,experiment/transfer,4
4,simulation/heat_of_vaporization,experiment/density,6
4,simulation/heat_of_vaporization,experiment/electrical_conductivity,1
4,simulation/heat_of_vaporization,experiment/glass_transition_temperature,1
4,simulation/heat_of_vaporization,experiment/melting_point,1
4,simulation/heat_of_vaporization,experiment/refractive_index,1
4,simulation/heat_of_vaporization,experiment/speed_of_sound,1
4,simulation/heat_of_vaporization,experiment/surface_tension,2
4,simulation/heat_of_vaporization,experiment/viscosity,3
4,experiment/solvation,experiment/density,11
4,experiment/solvation,experiment/dynamic_relative_permittivity,1
4,experiment/solvation,experiment/electrical_conductivity,4
4,experiment/solvation,experiment/equilibrium_pressure,3
4,experiment/solvation,experiment/glass_transition_temperature,4
4,experiment/solvation,experiment/heat_capacity,3
4,experiment/solvation,experiment/isobaric_coefficient_of_volume_expansion,1
4,experiment/solvation,experiment/melting_point,3
4,experiment/solvation,experiment/pec50,1
4,experiment/solvation,experiment/refractive_index,3
4,experiment/solvation,experiment/self_diffusion_coefficient,1
4,experiment/solvation,experiment/speed_of_sound,2
4,experiment/solvation,experiment/surface_tension,7
4,experiment/solvation,experiment/thermal_conductivity,1
4,experiment/solvation,experiment/thermal_decomposition_temperature,5
4,experiment/solvation,experiment/viscosity,9
4,experiment/solvation,experiment/x_co2,3
4,experiment/solvation,experiment/transfer,9
4,experiment/transfer,experiment/density,11
4,experiment/transfer,experiment/electrical_conductivity,6
4,experiment/transfer,experiment/equilibrium_pressure,3
4,experiment/transfer,experiment/glass_transition_temperature,3
4,experiment/transfer,experiment/heat_capacity,6
4,experiment/transfer,experiment/isobaric_coefficient_of_volume_expansion,1
4,experiment/transfer,experiment/melting_point,6
4,experiment/transfer,experiment/pec50,3
4,experiment/transfer,experiment/refractive_index,5
4,experiment/transfer,experiment/speed_of_sound,2
4,experiment/transfer,experiment/surface_tension,10
4,experiment/transfer,experiment/thermal_conductivity,2
4,experiment/transfer,experiment/thermal_decomposition_temperature,4
4,experiment/transfer,experiment/viscosity,10
4,experiment/transfer,experiment/x_co2,4
4,experiment/transfer,experiment/solvation,12
5,experiment/density,experiment/dynamic_relative_permittivity,9
5,experiment/density,experiment/electrical_conductivity,102
5,experiment/density,experiment/equilibrium_pressure,12
5,experiment/density,experiment/glass_transition_temperature,44
5,experiment/density,experiment/heat_capacity,46
5,experiment/density,experiment/isobaric_coefficient_of_volume_expansion,4
5,experiment/density,experiment/melting_point,115
5,experiment/density,experiment/pec50,24
5,experiment/density,experiment/refractive_index,78
5,experiment/density,experiment/self_diffusion_coefficient,7
5,experiment/density,experiment/speed_of_sound,29
5,experiment/density,experiment/static_relative_permittivity,6
5,experiment/density,experiment/surface_tension,147
5,experiment/density,experiment/thermal_conductivity,16
5,experiment/density,experiment/thermal_decomposition_temperature,52
5,experiment/density,experiment/viscosity,340
5,experiment/density,experiment/x_co2,14
5,experiment/density,simulation/heat_of_vaporization,9
5,experiment/density,experiment/solvation,13
5,experiment/density,experiment/transfer,12
5,experiment/dynamic_relative_permittivity,experiment/density,7
5,experiment/dynamic_relative_permittivity,experiment/electrical_conductivity,4
5,experiment/dynamic_relative_permittivity,experiment/equilibrium_pressure,4
5,experiment/dynamic_relative_permittivity,experiment/glass_transition_temperature,3
5,experiment/dynamic_relative_permittivity,experiment/heat_capacity,5
5,experiment/dynamic_relative_permittivity,experiment/isobaric_coefficient_of_volume_expansion,1
5,experiment/dynamic_relative_permittivity,experiment/melting_point,6
5,experiment/dynamic_relative_permittivity,experiment/pec50,1
5,experiment/dynamic_relative_permittivity,experiment/refractive_index,6
5,experiment/dynamic_relative_permittivity,experiment/self_diffusion_coefficient,1
5,experiment/dynamic_relative_permittivity,experiment/speed_of_sound,6
5,experiment/dynamic_relative_permittivity,experiment/static_relative_permittivity,3
5,experiment/dynamic_relative_permittivity,experiment/surface_tension,4
5,experiment/dynamic_relative_permittivity,experiment/thermal_conductivity,4
5,experiment/dynamic_relative_permittivity,experiment/thermal_decomposition_temperature,5
5,experiment/dynamic_relative_permittivity,experiment/viscosity,8
5,experiment/dynamic_relative_permittivity,experiment/x_co2,5
5,experiment/dynamic_relative_permittivity,experiment/solvation,1
5,experiment/dynamic_relative_permittivity,experiment/transfer,2
5,experiment/electrical_conductivity,experiment/density,92
5,experiment/electrical_conductivity,experiment/dynamic_relative_permittivity,5
5,experiment/electrical_conductivity,experiment/equilibrium_pressure,5
5,experiment/electrical_conductivity,experiment/glass_transition_temperature,14
5,experiment/electrical_conductivity,experiment/heat_capacity,19
5,experiment/electrical_conductivity,experiment/isobaric_coefficient_of_volume_expansion,1
5,experiment/electrical_conductivity,experiment/melting_point,36
5,experiment/electrical_conductivity,experiment/pec50,15
5,experiment/electrical_conductivity,experiment/refractive_index,35
5,experiment/electrical_conductivity,experiment/self_diffusion_coefficient,7
5,experiment/electrical_conductivity,experiment/speed_of_sound,19
5,experiment/electrical_conductivity,experiment/static_relative_permittivity,5
5,experiment/electrical_conductivity,experiment/surface_tension,40
5,experiment/electrical_conductivity,experiment/thermal_conductivity,12
5,experiment/electrical_conductivity,experiment/thermal_decomposition_temperature,23
5,experiment/electrical_conductivity,experiment/viscosity,90
5,experiment/electrical_conductivity,experiment/x_co2,11
5,experiment/electrical_conductivity,experiment/solvation,5
5,experiment/electrical_conductivity,experiment/transfer,7
5,experiment/equilibrium_pressure,experiment/density,16
5,experiment/equilibrium_pressure,experiment/dynamic_relative_permittivity,3
5,experiment/equilibrium_pressure,experiment/electrical_conductivity,7
5,experiment/equilibrium_pressure,experiment/glass_transition_temperature,6
5,experiment/equilibrium_pressure,experiment/heat_capacity,9
5,experiment/equilibrium_pressure,experiment/melting_point,10
5,experiment/equilibrium_pressure,experiment/pec50,6
5,experiment/equilibrium_pressure,experiment/refractive_index,10
5,experiment/equilibrium_pressure,experiment/self_diffusion_coefficient,3
5,experiment/equilibrium_pressure,experiment/speed_of_sound,4
5,experiment/equilibrium_pressure,experiment/static_relative_permittivity,3
5,experiment/equilibrium_pressure,experiment/surface_tension,15
5,experiment/equilibrium_pressure,experiment/thermal_conductivity,2
5,experiment/equilibrium_pressure,experiment/thermal_decomposition_temperature,9
5,experiment/equilibrium_pressure,experiment/viscosity,13
5,experiment/equilibrium_pressure,experiment/x_co2,7
5,experiment/equilibrium_pressure,experiment/solvation,2
5,experiment/equilibrium_pressure,experiment/transfer,2
5,experiment/glass_transition_temperature,experiment/density,31
5,experiment/glass_transition_temperature,experiment/dynamic_relative_permittivity,9
5,experiment/glass_transition_temperature,experiment/electrical_conductivity,14
5,experiment/glass_transition_temperature,experiment/equilibrium_pressure,6
5,experiment/glass_transition_temperature,experiment/heat_capacity,15
5,experiment/glass_transition_temperature,experiment/isobaric_coefficient_of_volume_expansion,1
5,experiment/glass_transition_temperature,experiment/melting_point,32
5,experiment/glass_transition_temperature,experiment/pec50,7
5,experiment/glass_transition_temperature,experiment/refractive_index,23
5,experiment/glass_transition_temperature,experiment/self_diffusion_coefficient,4
5,experiment/glass_transition_temperature,experiment/speed_of_sound,14
5,experiment/glass_transition_temperature,experiment/static_relative_permittivity,7
5,experiment/glass_transition_temperature,experiment/surface_tension,18
5,experiment/glass_transition_temperature,experiment/thermal_conductivity,7
5,experiment/glass_transition_temperature,experiment/thermal_decomposition_temperature,47
5,experiment/glass_transition_temperature,experiment/viscosity,31
5,experiment/glass_transition_temperature,experiment/x_co2,8
5,experiment/glass_transition_temperature,simulation/heat_of_vaporization,1
5,experiment/glass_transition_temperature,experiment/solvation,5
5,experiment/glass_transition_temperature,experiment/transfer,4
5,experiment/heat_capacity,experiment/density,42
5,experiment/heat_capacity,experiment/dynamic_relative_permittivity,6
5,experiment/heat_capacity,experiment/electrical_conductivity,17
5,experiment/heat_capacity,experiment/equilibrium_pressure,3
5,experiment/heat_capacity,experiment/glass_transition_temperature,14
5,experiment/heat_capacity,experiment/isobaric_coefficient_of_volume_expansion,1
5,experiment/heat_capacity,experiment/melting_point,28
5,experiment/heat_capacity,experiment/pec50,15
5,experiment/heat_capacity,experiment/refractive_index,21
5,experiment/heat_capacity,experiment/self_diffusion_coefficient,2
5,experiment/heat_capacity,experiment/speed_of_sound,12
5,experiment/heat_capacity,experiment/static_relative_permittivity,5
5,experiment/heat_capacity,experiment/surface_tension,34
5,experiment/heat_capacity,experiment/thermal_conductivity,8
5,experiment/heat_capacity,experiment/thermal_decomposition_temperature,20
5,experiment/heat_capacity,experiment/viscosity,39
5,experiment/heat_capacity,experiment/x_co2,11
5,experiment/heat_capacity,experiment/solvation,5
5,experiment/heat_capacity,experiment/transfer,4
5,experiment/isobaric_coefficient_of_volume_expansion,experiment/density,4
5,experiment/isobaric_coefficient_of_volume_expansion,experiment/dynamic_relative_permittivity,3
5,experiment/isobaric_coefficient_of_volume_expansion,experiment/electrical_conductivity,1
5,experiment/isobaric_coefficient_of_volume_expansion,experiment/equilibrium_pressure,2
5,experiment/isobaric_coefficient_of_volume_expansion,experiment/glass_transition_temperature,2
5,experiment/isobaric_coefficient_of_volume_expansion,experiment/heat_capacity,2
5,experiment/isobaric_coefficient_of_volume_expansion,experiment/melting_point,3
5,experiment/isobaric_coefficient_of_volume_expansion,experiment/pec50,2
5,experiment/isobaric_coefficient_of_volume_expansion,experiment/refractive_index,3
5,experiment/isobaric_coefficient_of_volume_expansion,experiment/self_diffusion_coefficient,2
5,experiment/isobaric_coefficient_of_volume_expansion,experiment/speed_of_sound,2
5,experiment/isobaric_coefficient_of_volume_expansion,experiment/static_relative_permittivity,3
5,experiment/isobaric_coefficient_of_volume_expansion,experiment/surface_tension,3
5,experiment/isobaric_coefficient_of_volume_expansion,experiment/thermal_conductivity,2
5,experiment/isobaric_coefficient_of_volume_expansion,experiment/thermal_decomposition_temperature,3
5,experiment/isobaric_coefficient_of_volume_expansion,experiment/viscosity,5
5,experiment/isobaric_coefficient_of_volume_expansion,experiment/x_co2,2
5,experiment/isobaric_coefficient_of_volume_expansion,experiment/solvation,1
5,experiment/isobaric_coefficient_of_volume_expansion,experiment/transfer,1
5,experiment/melting_point,experiment/density,101
5,experiment/melting_point,experiment/dynamic_relative_permittivity,2
5,experiment/melting_point,experiment/electrical_conductivity,37
5,experiment/melting_point,experiment/equilibrium_pressure,5
5,experiment/melting_point,experiment/glass_transition_temperature,25
5,experiment/melting_point,experiment/heat_capacity,26
5,experiment/melting_point,experiment/pec50,16
5,experiment/melting_point,experiment/refractive_index,31
5,experiment/melting_point,experiment/self_diffusion_coefficient,1
5,experiment/melting_point,experiment/speed_of_sound,13
5,experiment/melting_point,experiment/static_relative_permittivity,6
5,experiment/melting_point,experiment/surface_tension,34
5,experiment/melting_point,experiment/thermal_conductivity,7
5,experiment/melting_point,experiment/thermal_decomposition_temperature,106
5,experiment/melting_point,experiment/viscosity,87
5,experiment/melting_point,experiment/x_co2,6
5,experiment/melting_point,simulation/heat_of_vaporization,2
5,experiment/melting_point,experiment/solvation,5
5,experiment/melting_point,experiment/transfer,6
5,experiment/pec50,experiment/density,31
5,experiment/pec50,experiment/dynamic_relative_permittivity,4
5,experiment/pec50,experiment/electrical_conductivity,19
5,experiment/pec50,experiment/equilibrium_pressure,6
5,experiment/pec50,experiment/glass_transition_temperature,9
5,experiment/pec50,experiment/heat_capacity,10
5,experiment/pec50,experiment/isobaric_coefficient_of_volume_expansion,3
5,experiment/pec50,experiment/melting_point,13
5,experiment/pec50,experiment/refractive_index,19
5,experiment/pec50,experiment/self_diffusion_coefficient,2
5,experiment/pec50,experiment/speed_of_sound,8
5,experiment/pec50,experiment/static_relative_permittivity,6
5,experiment/pec50,experiment/surface_tension,18
5,experiment/pec50,experiment/thermal_conductivity,5
5,experiment/pec50,experiment/thermal_decomposition_temperature,13
5,experiment/pec50,experiment/viscosity,22
5,experiment/pec50,experiment/x_co2,6
5,experiment/pec50,experiment/solvation,5
5,experiment/pec50,experiment/transfer,3
5,experiment/refractive_index,experiment/density,89
5,experiment/refractive_index,experiment/dynamic_relative_permittivity,4
5,experiment/refractive_index,experiment/electrical_conductivity,30
5,experiment/refractive_index,experiment/equilibrium_pressure,8
5,experiment/refractive_index,experiment/glass_transition_temperature,20
5,experiment/refractive_index,experiment/heat_capacity,25
5,experiment/refractive_index,experiment/isobaric_coefficient_of_volume_expansion,4
5,experiment/refractive_index,experiment/melting_point,23
5,experiment/refractive_index,experiment/pec50,10
5,experiment/refractive_index,experiment/self_diffusion_coefficient,3
5,experiment/refractive_index,experiment/speed_of_sound,31
5,experiment/refractive_index,experiment/static_relative_permittivity,5
5,experiment/refractive_index,experiment/surface_tension,41
5,experiment/refractive_index,experiment/thermal_conductivity,8
5,experiment/refractive_index,experiment/thermal_decomposition_temperature,18
5,experiment/refractive_index,experiment/viscosity,79
5,experiment/refractive_index,experiment/x_co2,8
5,experiment/refractive_index,experiment/solvation,4
5,experiment/refractive_index,experiment/transfer,3
5,experiment/self_diffusion_coefficient,experiment/density,6
5,experiment/self_diffusion_coefficient,experiment/dynamic_relative_permittivity,2
5,experiment/self_diffusion_coefficient,experiment/electrical_conductivity,5
5,experiment/self_diffusion_coefficient,experiment/equilibrium_pressure,3
5,experiment/self_diffusion_coefficient,experiment/glass_transition_temperature,3
5,experiment/self_diffusion_coefficient,experiment/heat_capacity,3
5,experiment/self_diffusion_coefficient,experiment/isobaric_coefficient_of_volume_expansion,2
5,experiment/self_diffusion_coefficient,experiment/melting_point,6
5,experiment/self_diffusion_coefficient,experiment/pec50,3
5,experiment/self_diffusion_coefficient,experiment/refractive_index,3
5,experiment/self_diffusion_coefficient,experiment/speed_of_sound,3
5,experiment/self_diffusion_coefficient,experiment/static_relative_permittivity,2
5,experiment/self_diffusion_coefficient,experiment/surface_tension,5
5,experiment/self_diffusion_coefficient,experiment/thermal_conductivity,3
5,experiment/self_diffusion_coefficient,experiment/thermal_decomposition_temperature,3
5,experiment/self_diffusion_coefficient,experiment/viscosity,6
5,experiment/self_diffusion_coefficient,experiment/x_co2,5
5,experiment/self_diffusion_coefficient,experiment/solvation,2
5,experiment/self_diffusion_coefficient,experiment/transfer,1
5,experiment/speed_of_sound,experiment/density,32
5,experiment/speed_of_sound,experiment/dynamic_relative_permittivity,4
5,experiment/speed_of_sound,experiment/electrical_conductivity,11
5,experiment/speed_of_sound,experiment/equilibrium_pressure,3
5,experiment/speed_of_sound,experiment/glass_transition_temperature,5
5,experiment/speed_of_sound,experiment/heat_capacity,13
5,experiment/speed_of_sound,experiment/melting_point,11
5,experiment/speed_of_sound,experiment/pec50,8
5,experiment/speed_of_sound,experiment/refractive_index,29
5,experiment/speed_of_sound,experiment/self_diffusion_coefficient,1
5,experiment/speed_of_sound,experiment/static_relative_permittivity,3
5,experiment/speed_of_sound,experiment/surface_tension,12
5,experiment/speed_of_sound,experiment/thermal_conductivity,6
5,experiment/speed_of_sound,experiment/thermal_decomposition_temperature,7
5,experiment/speed_of_sound,experiment/viscosity,31
5,experiment/speed_of_sound,experiment/x_co2,6
5,experiment/speed_of_sound,simulation/heat_of_vaporization,2
5,experiment/speed_of_sound,experiment/solvation,2
5,experiment/speed_of_sound,experiment/transfer,1
5,experiment/static_relative_permittivity,experiment/density,6
5,experiment/static_relative_permittivity,experiment/dynamic_relative_permittivity,3
5,experiment/static_relative_permittivity,experiment/electrical_conductivity,7
5,experiment/static_relative_permittivity,experiment/equilibrium_pressure,3
5,experiment/static_relative_permittivity,experiment/glass_transition_temperature,3
5,experiment/static_relative_permittivity,experiment/heat_capacity,5
5,experiment/static_relative_permittivity,experiment/melting_point,7
5,experiment/static_relative_permittivity,experiment/pec50,3
5,experiment/static_relative_permittivity,experiment/refractive_index,5
5,experiment/static_relative_permittivity,experiment/self_diffusion_coefficient,4
5,experiment/static_relative_permittivity,experiment/speed_of_sound,6
5,experiment/static_relative_permittivity,experiment/surface_tension,6
5,experiment/static_relative_permittivity,experiment/thermal_decomposition_temperature,5
5,experiment/static_relative_permittivity,experiment/viscosity,5
5,experiment/static_relative_permittivity,experiment/x_co2,1
5,experiment/static_relative_permittivity,experiment/solvation,1
5,experiment/static_relative_permittivity,experiment/transfer,1
5,experiment/surface_tension,experiment/density,159
5,experiment/surface_tension,experiment/dynamic_relative_permittivity,3
5,experiment/surface_tension,experiment/electrical_conductivity,33
5,experiment/surface_tension,experiment/equilibrium_pressure,6
5,experiment/surface_tension,experiment/glass_transition_temperature,7
5,experiment/surface_tension,experiment/heat_capacity,25
5,experiment/surface_tension,experiment/melting_point,24
5,experiment/surface_tension,experiment/pec50,15
5,experiment/surface_tension,experiment/refractive_index,33
5,experiment/surface_tension,experiment/self_diffusion_coefficient,6
5,experiment/surface_tension,experiment/speed_of_sound,13
5,experiment/surface_tension,experiment/static_relative_permittivity,4
5,experiment/surface_tension,experiment/thermal_conductivity,6
5,experiment/surface_tension,experiment/thermal_decomposition_temperature,15
5,experiment/surface_tension,experiment/viscosity,77
5,experiment/surface_tension,experiment/x_co2,8
5,experiment/surface_tension,simulation/heat_of_vaporization,2
5,experiment/surface_tension,experiment/solvation,5
5,experiment/surface_tension,experiment/transfer,4
5,experiment/thermal_conductivity,experiment/density,12
5,experiment/thermal_conductivity,experiment/dynamic_relative_permittivity,5
5,experiment/thermal_conductivity,experiment/electrical_conductivity,12
5,experiment/thermal_conductivity,experiment/equilibrium_pressure,6
5,experiment/thermal_conductivity,experiment/glass_transition_temperature,4
5,experiment/thermal_conductivity,experiment/heat_capacity,12
5,experiment/thermal_conductivity,experiment/isobaric_coefficient_of_volume_expansion,2
5,experiment/thermal_conductivity,experiment/melting_point,10
5,experiment/thermal_conductivity,experiment/pec50,3
5,experiment/thermal_conductivity,experiment/refractive_index,12
5,experiment/thermal_conductivity,experiment/self_diffusion_coefficient,7
5,experiment/thermal_conductivity,experiment/speed_of_sound,7
5,experiment/thermal_conductivity,experiment/static_relative_permittivity,4
5,experiment/thermal_conductivity,experiment/surface_tension,9
5,experiment/thermal_conductivity,experiment/thermal_decomposition_temperature,6
5,experiment/thermal_conductivity,experiment/viscosity,15
5,experiment/thermal_conductivity,experiment/x_co2,4
5,experiment/thermal_conductivity,experiment/solvation,6
5,experiment/thermal_conductivity,experiment/transfer,6
5,experiment/thermal_decomposition_temperature,experiment/density,60
5,experiment/thermal_decomposition_temperature,experiment/dynamic_relative_permittivity,7
5,experiment/thermal_decomposition_temperature,experiment/electrical_conductivity,21
5,experiment/thermal_decomposition_temperature,experiment/equilibrium_pressure,9
5,experiment/thermal_decomposition_temperature,experiment/glass_transition_temperature,55
5,experiment/thermal_decomposition_temperature,experiment/heat_capacity,20
5,experiment/thermal_decomposition_temperature,experiment/isobaric_coefficient_of_volume_expansion,3
5,experiment/thermal_decomposition_temperature,experiment/melting_point,88
5,experiment/thermal_decomposition_temperature,experiment/pec50,10
5,experiment/thermal_decomposition_temperature,experiment/refractive_index,23
5,experiment/thermal_decomposition_temperature,experiment/self_diffusion_coefficient,1
5,experiment/thermal_decomposition_temperature,experiment/speed_of_sound,10
5,experiment/thermal_decomposition_temperature,experiment/static_relative_permittivity,5
5,experiment/thermal_decomposition_temperature,experiment/surface_tension,23
5,experiment/thermal_decomposition_temperature,experiment/thermal_conductivity,10
5,experiment/thermal_decomposition_temperature,experiment/viscosity,59
5,experiment/thermal_decomposition_temperature,experiment/x_co2,7
5,experiment/thermal_decomposition_temperature,experiment/solvation,5
5,experiment/thermal_decomposition_temperature,experiment/transfer,4
5,experiment/viscosity,experiment/density,321
5,experiment/viscosity,experiment/dynamic_relative_permittivity,8
5,experiment/viscosity,experiment/electrical_conductivity,88
5,experiment/viscosity,experiment/equilibrium_pressure,11
5,experiment/viscosity,experiment/glass_transition_temperature,33
5,experiment/viscosity,experiment/heat_capacity,49
5,experiment/viscosity,experiment/isobaric_coefficient_of_volume_expansion,4
5,experiment/viscosity,experiment/melting_point,76
5,experiment/viscosity,experiment/pec50,15
5,experiment/viscosity,experiment/refractive_index,86
5,experiment/viscosity,experiment/self_diffusion_coefficient,2
5,experiment/viscosity,experiment/speed_of_sound,27
5,experiment/viscosity,experiment/static_relative_permittivity,2
5,experiment/viscosity,experiment/surface_tension,75
5,experiment/viscosity,experiment/thermal_conductivity,15
5,experiment/viscosity,experiment/thermal_decomposition_temperature,49
5,experiment/viscosity,experiment/x_co2,17
5,experiment/viscosity,simulation/heat_of_vaporization,8
5,experiment/viscosity,experiment/solvation,9
5,experiment/viscosity,experiment/transfer,7
5,experiment/x_co2,experiment/density,18
5,experiment/x_co2,experiment/dynamic_relative_permittivity,6
5,experiment/x_co2,experiment/electrical_conductivity,12
5,experiment/x_co2,experiment/equilibrium_pressure,9
5,experiment/x_co2,experiment/glass_transition_temperature,11
5,experiment/x_co2,experiment/heat_capacity,14
5,experiment/x_co2,experiment/isobaric_coefficient_of_volume_expansion,5
5,experiment/x_co2,experiment/melting_point,17
5,experiment/x_co2,experiment/pec50,7
5,experiment/x_co2,experiment/refractive_index,15
5,experiment/x_co2,experiment/self_diffusion_coefficient,6
5,experiment/x_co2,experiment/speed_of_sound,11
5,experiment/x_co2,experiment/static_relative_permittivity,7
5,experiment/x_co2,experiment/surface_tension,20
5,experiment/x_co2,experiment/thermal_conductivity,10
5,experiment/x_co2,experiment/thermal_decomposition_temperature,13
5,experiment/x_co2,experiment/viscosity,20
5,experiment/x_co2,experiment/solvation,5
5,experiment/x_co2,experiment/transfer,7
5,simulation/heat_of_vaporization,experiment/density,4
5,simulation/heat_of_vaporization,experiment/refractive_index,3
5,simulation/heat_of_vaporization,experiment/surface_tension,1
5,simulation/heat_of_vaporization,experiment/thermal_decomposition_temperature,1
5,simulation/heat_of_vaporization,experiment/viscosity,4
5,simulation/heat_of_vaporization,experiment/x_co2,1
5,experiment/solvation,experiment/density,9
5,experiment/solvation,experiment/dynamic_relative_permittivity,3
5,experiment/solvation,experiment/electrical_conductivity,6
5,experiment/solvation,experiment/equilibrium_pressure,4
5,experiment/solvation,experiment/glass_transition_temperature,2
5,experiment/solvation,experiment/heat_capacity,7
5,experiment/solvation,experiment/isobaric_coefficient_of_volume_expansion,1
5,experiment/solvation,experiment/melting_point,7
5,experiment/solvation,experiment/pec50,4
5,experiment/solvation,experiment/refractive_index,6
5,experiment/solvation,experiment/self_diffusion_coefficient,3
5,experiment/solvation,experiment/speed_of_sound,5
5,experiment/solvation,experiment/static_relative_permittivity,4
5,experiment/solvation,experiment/surface_tension,9
5,experiment/solvation,experiment/thermal_conductivity,5
5,experiment/solvation,experiment/thermal_decomposition_temperature,4
5,experiment/solvation,experiment/viscosity,8
5,experiment/solvation,experiment/x_co2,5
5,experiment/solvation,experiment/transfer,8
5,experiment/transfer,experiment/density,7
5,experiment/transfer,experiment/dynamic_relative_permittivity,3
5,experiment/transfer,experiment/electrical_conductivity,4
5,experiment/transfer,experiment/equilibrium_pressure,1
5,experiment/transfer,experiment/glass_transition_temperature,1
5,experiment/transfer,experiment/heat_capacity,2
5,experiment/transfer,experiment/melting_point,3
5,experiment/transfer,experiment/pec50,1
5,experiment/transfer,experiment/refractive_index,5
5,experiment/transfer,experiment/self_diffusion_coefficient,1
5,experiment/transfer,experiment/speed_of_sound,2
5,experiment/transfer,experiment/static_relative_permittivity,1
5,experiment/transfer,experiment/surface_tension,7
5,experiment/transfer,experiment/thermal_conductivity,1
5,experiment/transfer,experiment/thermal_decomposition_temperature,5
5,experiment/transfer,experiment/viscosity,6
5,experiment/transfer,experiment/x_co2,4
5,experiment/transfer,experiment/solvation,7
